[{"pk": 23, "model": "contenttypes.contenttype", "fields": {"model": "article", "name": "article", "app_label": "articles"}}, {"pk": 24, "model": "contenttypes.contenttype", "fields": {"model": "attachment", "name": "attachment", "app_label": "articles"}}, {"pk": 21, "model": "contenttypes.contenttype", "fields": {"model": "author", "name": "author", "app_label": "articles"}}, {"pk": 14, "model": "contenttypes.contenttype", "fields": {"model": "basecontent", "name": "base content", "app_label": "cyclope"}}, {"pk": 25, "model": "contenttypes.contenttype", "fields": {"model": "captchastore", "name": "captcha store", "app_label": "captcha"}}, {"pk": 19, "model": "contenttypes.contenttype", "fields": {"model": "category", "name": "category", "app_label": "collections"}}, {"pk": 20, "model": "contenttypes.contenttype", "fields": {"model": "categorymap", "name": "category map", "app_label": "collections"}}, {"pk": 18, "model": "contenttypes.contenttype", "fields": {"model": "collection", "name": "collection", "app_label": "collections"}}, {"pk": 8, "model": "contenttypes.contenttype", "fields": {"model": "comment", "name": "comment", "app_label": "comments"}}, {"pk": 9, "model": "contenttypes.contenttype", "fields": {"model": "commentflag", "name": "comment flag", "app_label": "comments"}}, {"pk": 5, "model": "contenttypes.contenttype", "fields": {"model": "contenttype", "name": "content type", "app_label": "contenttypes"}}, {"pk": 2, "model": "contenttypes.contenttype", "fields": {"model": "group", "name": "group", "app_label": "auth"}}, {"pk": 17, "model": "contenttypes.contenttype", "fields": {"model": "layout", "name": "layout", "app_label": "cyclope"}}, {"pk": 10, "model": "contenttypes.contenttype", "fields": {"model": "logentry", "name": "log entry", "app_label": "admin"}}, {"pk": 12, "model": "contenttypes.contenttype", "fields": {"model": "menu", "name": "menu", "app_label": "cyclope"}}, {"pk": 13, "model": "contenttypes.contenttype", "fields": {"model": "menuitem", "name": "menu item", "app_label": "cyclope"}}, {"pk": 4, "model": "contenttypes.contenttype", "fields": {"model": "message", "name": "message", "app_label": "auth"}}, {"pk": 1, "model": "contenttypes.contenttype", "fields": {"model": "permission", "name": "permission", "app_label": "auth"}}, {"pk": 16, "model": "contenttypes.contenttype", "fields": {"model": "regionview", "name": "region view", "app_label": "cyclope"}}, {"pk": 6, "model": "contenttypes.contenttype", "fields": {"model": "session", "name": "session", "app_label": "sessions"}}, {"pk": 7, "model": "contenttypes.contenttype", "fields": {"model": "site", "name": "site", "app_label": "sites"}}, {"pk": 11, "model": "contenttypes.contenttype", "fields": {"model": "sitesettings", "name": "site settings", "app_label": "cyclope"}}, {"pk": 22, "model": "contenttypes.contenttype", "fields": {"model": "source", "name": "source", "app_label": "articles"}}, {"pk": 15, "model": "contenttypes.contenttype", "fields": {"model": "staticpage", "name": "static page", "app_label": "cyclope"}}, {"pk": 3, "model": "contenttypes.contenttype", "fields": {"model": "user", "name": "user", "app_label": "auth"}}, {"pk": "ba9d027ef9a09c2ac77b8a56a60852c5", "model": "sessions.session", "fields": {"expire_date": "2010-04-20 22:47:19", "session_data": "gAJ9cQEoVRJfYXV0aF91c2VyX2JhY2tlbmRxAlUpZGphbmdvLmNvbnRyaWIuYXV0aC5iYWNrZW5k\ncy5Nb2RlbEJhY2tlbmRxA1UNX2F1dGhfdXNlcl9pZHEESwF1LmFkMjJiMDkxYjVmNTNmOTkwNmZk\nNDkzNGFhNTU3NjNm\n"}}, {"pk": "b90a46293ee53cc8fb77cb5dbe0d4b53", "model": "sessions.session", "fields": {"expire_date": "2010-04-20 22:59:31", "session_data": "gAJ9cQEuNmM5ZjhjNGFmMmE0YWVlOWE0MmFhYWM4MTNmNWE2MDQ=\n"}}, {"pk": "0110b90c6efd08c58b87d981ecdea782", "model": "sessions.session", "fields": {"expire_date": "2010-04-21 00:24:54", "session_data": "gAJ9cQEoVRJfYXV0aF91c2VyX2JhY2tlbmRxAlUpZGphbmdvLmNvbnRyaWIuYXV0aC5iYWNrZW5k\ncy5Nb2RlbEJhY2tlbmRxA1UNX2F1dGhfdXNlcl9pZHEESwF1LmFkMjJiMDkxYjVmNTNmOTkwNmZk\nNDkzNGFhNTU3NjNm\n"}}, {"pk": "9850a7f94568f7acf165622b5c3ed601", "model": "sessions.session", "fields": {"expire_date": "2010-05-02 15:36:02", "session_data": "gAJ9cQEoVRJfYXV0aF91c2VyX2JhY2tlbmRxAlUpZGphbmdvLmNvbnRyaWIuYXV0aC5iYWNrZW5k\ncy5Nb2RlbEJhY2tlbmRxA1UNX2F1dGhfdXNlcl9pZHEESwF1LmFkMjJiMDkxYjVmNTNmOTkwNmZk\nNDkzNGFhNTU3NjNm\n"}}, {"pk": "517e6e8b4985c9338f27eacfdf4afafd", "model": "sessions.session", "fields": {"expire_date": "2010-05-02 17:16:51", "session_data": "gAJ9cQEoVRJfYXV0aF91c2VyX2JhY2tlbmRxAlUpZGphbmdvLmNvbnRyaWIuYXV0aC5iYWNrZW5k\ncy5Nb2RlbEJhY2tlbmRxA1UNX2F1dGhfdXNlcl9pZHEESwF1LmFkMjJiMDkxYjVmNTNmOTkwNmZk\nNDkzNGFhNTU3NjNm\n"}}, {"pk": "fdbe20a3957a7a4aa3a3ee81d6ab087d", "model": "sessions.session", "fields": {"expire_date": "2010-05-03 18:58:09", "session_data": "gAJ9cQEuNmM5ZjhjNGFmMmE0YWVlOWE0MmFhYWM4MTNmNWE2MDQ=\n"}}, {"pk": "62c96867eced256c00cb7a96b059f69b", "model": "sessions.session", "fields": {"expire_date": "2010-05-03 18:58:09", "session_data": "gAJ9cQEuNmM5ZjhjNGFmMmE0YWVlOWE0MmFhYWM4MTNmNWE2MDQ=\n"}}, {"pk": "a4f0097e34e824a456836e569e8b1641", "model": "sessions.session", "fields": {"expire_date": "2010-05-03 18:58:09", "session_data": "gAJ9cQEuNmM5ZjhjNGFmMmE0YWVlOWE0MmFhYWM4MTNmNWE2MDQ=\n"}}, {"pk": "251c8542113be5f97ef3593048754553", "model": "sessions.session", "fields": {"expire_date": "2010-05-03 18:59:49", "session_data": "gAJ9cQEoVRJfYXV0aF91c2VyX2JhY2tlbmRxAlUpZGphbmdvLmNvbnRyaWIuYXV0aC5iYWNrZW5k\ncy5Nb2RlbEJhY2tlbmRxA1UNX2F1dGhfdXNlcl9pZHEESwF1LmFkMjJiMDkxYjVmNTNmOTkwNmZk\nNDkzNGFhNTU3NjNm\n"}}, {"pk": "b94a4a5ef17f7da3d2b16763cc499779", "model": "sessions.session", "fields": {"expire_date": "2010-05-02 12:53:34", "session_data": "gAJ9cQFVCnRlc3Rjb29raWVxAlUGd29ya2VkcQNzLmYwNWYxMmE1ZGNlZWI4MmY4NTYyOWI4NTRi\nNDYxMWYw\n"}}, {"pk": 1, "model": "sites.site", "fields": {"domain": "localhost:8000", "name": "cyclope_demo.com"}}, {"pk": 1, "model": "comments.comment", "fields": {"comment": "La rep\u00fablica argentina tiene la vaca y el omb\u00fa, aunque ninguno de los dos es aut\u00f3ctono...", "user_url": "http://www.nicoechaniz.com.ar/", "submit_date": "2010-04-20 01:25:12", "ip_address": "127.0.0.1", "object_pk": "8", "site": 1, "is_removed": false, "user": 1, "content_type": 23, "is_public": true, "user_name": "NicoEch\u00e1niz", "user_email": "nico@rakar.com"}}, {"pk": 122, "model": "admin.logentry", "fields": {"action_flag": 3, "action_time": "2010-04-20 01:24:21", "object_repr": ": un comentario...", "object_id": "1", "change_message": "", "user": 1, "content_type": 8}}, {"pk": 121, "model": "admin.logentry", "fields": {"action_flag": 3, "action_time": "2010-04-20 01:24:21", "object_repr": "nicoechaniz: Un comentario cualquiera con todos los campos comp...", "object_id": "2", "change_message": "", "user": 1, "content_type": 8}}, {"pk": 120, "model": "admin.logentry", "fields": {"action_flag": 3, "action_time": "2010-04-20 01:24:21", "object_repr": "nicoechaniz: probando el input de comentarios...", "object_id": "3", "change_message": "", "user": 1, "content_type": 8}}, {"pk": 119, "model": "admin.logentry", "fields": {"action_flag": 3, "action_time": "2010-04-20 01:24:21", "object_repr": "NicoEch\u00e1niz: alho...", "object_id": "4", "change_message": "", "user": 1, "content_type": 8}}, {"pk": 118, "model": "admin.logentry", "fields": {"action_flag": 3, "action_time": "2010-04-20 01:24:21", "object_repr": "yo: aca va el comentario...", "object_id": "5", "change_message": "", "user": 1, "content_type": 8}}, {"pk": 117, "model": "admin.logentry", "fields": {"action_flag": 2, "action_time": "2010-04-20 01:17:11", "object_repr": "localhost:8000", "object_id": "1", "change_message": "Modifica domain.", "user": 1, "content_type": 7}}, {"pk": 116, "model": "admin.logentry", "fields": {"action_flag": 2, "action_time": "2010-04-20 01:13:35", "object_repr": "localhost:8000", "object_id": "1", "change_message": "Modifica domain.", "user": 1, "content_type": 7}}, {"pk": 115, "model": "admin.logentry", "fields": {"action_flag": 2, "action_time": "2010-04-19 21:34:56", "object_repr": "localhost:8000", "object_id": "1", "change_message": "Modifica domain.", "user": 1, "content_type": 7}}, {"pk": 114, "model": "admin.logentry", "fields": {"action_flag": 1, "action_time": "2010-04-19 21:10:37", "object_repr": "nicoechaniz: Un comentario cualquiera con todos los campos comp...", "object_id": "2", "change_message": "", "user": 1, "content_type": 8}}, {"pk": 113, "model": "admin.logentry", "fields": {"action_flag": 2, "action_time": "2010-04-19 20:08:36", "object_repr": "home", "object_id": "2", "change_message": "No fields changed.", "user": 1, "content_type": 17}}, {"pk": 112, "model": "admin.logentry", "fields": {"action_flag": 2, "action_time": "2010-04-18 16:55:55", "object_repr": "cyclope_demo.com", "object_id": "1", "change_message": "Modifica theme.", "user": 1, "content_type": 11}}, {"pk": 111, "model": "admin.logentry", "fields": {"action_flag": 2, "action_time": "2010-04-18 16:54:49", "object_repr": "cyclope_demo.com", "object_id": "1", "change_message": "Modifica theme.", "user": 1, "content_type": 11}}, {"pk": 110, "model": "admin.logentry", "fields": {"action_flag": 2, "action_time": "2010-04-18 16:35:39", "object_repr": "postdata sobre...", "object_id": "10", "change_message": "Added mapa de la categoria \"secciones: geograf\u00eda\". Added mapa de la categoria \"biblioteca: Letras\".", "user": 1, "content_type": 15}}, {"pk": 109, "model": "admin.logentry", "fields": {"action_flag": 2, "action_time": "2010-04-18 16:34:40", "object_repr": "secciones", "object_id": "1", "change_message": "Changed content_types.", "user": 1, "content_type": 18}}, {"pk": 108, "model": "admin.logentry", "fields": {"action_flag": 1, "action_time": "2010-04-18 16:33:57", "object_repr": "postdata sobre...", "object_id": "10", "change_message": "", "user": 1, "content_type": 15}}, {"pk": 107, "model": "admin.logentry", "fields": {"action_flag": 2, "action_time": "2010-04-18 16:33:03", "object_repr": "biblioteca", "object_id": "2", "change_message": "Changed content_types.", "user": 1, "content_type": 18}}, {"pk": 106, "model": "admin.logentry", "fields": {"action_flag": 1, "action_time": "2010-04-18 16:31:49", "object_repr": "deleuze", "object_id": "2", "change_message": "", "user": 1, "content_type": 21}}, {"pk": 105, "model": "admin.logentry", "fields": {"action_flag": 1, "action_time": "2010-04-18 16:31:11", "object_repr": "\u00e9tica", "object_id": "6", "change_message": "", "user": 1, "content_type": 19}}, {"pk": 104, "model": "admin.logentry", "fields": {"action_flag": 1, "action_time": "2010-04-18 16:30:44", "object_repr": "Letras", "object_id": "5", "change_message": "", "user": 1, "content_type": 19}}, {"pk": 103, "model": "admin.logentry", "fields": {"action_flag": 1, "action_time": "2010-04-18 16:30:24", "object_repr": "Filosof\u00eda", "object_id": "4", "change_message": "", "user": 1, "content_type": 19}}, {"pk": 102, "model": "admin.logentry", "fields": {"action_flag": 1, "action_time": "2010-04-18 16:30:01", "object_repr": "biblioteca", "object_id": "2", "change_message": "", "user": 1, "content_type": 18}}, {"pk": 101, "model": "admin.logentry", "fields": {"action_flag": 2, "action_time": "2010-04-18 16:24:03", "object_repr": "home", "object_id": "2", "change_message": "Changed content_type and content_view for region view \"menu/root_items_list\".", "user": 1, "content_type": 17}}, {"pk": 100, "model": "admin.logentry", "fields": {"action_flag": 2, "action_time": "2010-04-18 16:14:50", "object_repr": "home", "object_id": "2", "change_message": "Changed content_type and content_view for region view \"staticpage/list\".", "user": 1, "content_type": 17}}, {"pk": 99, "model": "admin.logentry", "fields": {"action_flag": 1, "action_time": "2010-04-18 15:06:19", "object_repr": ": un comentario...", "object_id": "1", "change_message": "", "user": 1, "content_type": 8}}, {"pk": 98, "model": "admin.logentry", "fields": {"action_flag": 3, "action_time": "2010-04-18 15:05:48", "object_repr": ": un comentario...", "object_id": "1", "change_message": "", "user": 1, "content_type": 8}}, {"pk": 97, "model": "admin.logentry", "fields": {"action_flag": 1, "action_time": "2010-04-18 15:03:30", "object_repr": ": un comentario...", "object_id": "1", "change_message": "", "user": 1, "content_type": 8}}, {"pk": 96, "model": "admin.logentry", "fields": {"action_flag": 1, "action_time": "2010-04-18 12:38:23", "object_repr": "rep\u00fablica Argentina", "object_id": "9", "change_message": "", "user": 1, "content_type": 23}}, {"pk": 95, "model": "admin.logentry", "fields": {"action_flag": 1, "action_time": "2010-04-18 12:36:57", "object_repr": "geograf\u00eda", "object_id": "3", "change_message": "", "user": 1, "content_type": 19}}, {"pk": 94, "model": "admin.logentry", "fields": {"action_flag": 1, "action_time": "2010-04-18 12:36:12", "object_repr": "mohos mucilaginosos", "object_id": "8", "change_message": "", "user": 1, "content_type": 23}}, {"pk": 93, "model": "admin.logentry", "fields": {"action_flag": 2, "action_time": "2010-04-18 12:34:06", "object_repr": "la reproducci\u00f3n de las amebas", "object_id": "7", "change_message": "Se modificaron category en mapa de la categoria \"secciones: protistas\".", "user": 1, "content_type": 23}}, {"pk": 92, "model": "admin.logentry", "fields": {"action_flag": 1, "action_time": "2010-04-18 12:33:50", "object_repr": "protistas", "object_id": "2", "change_message": "", "user": 1, "content_type": 19}}, {"pk": 91, "model": "admin.logentry", "fields": {"action_flag": 2, "action_time": "2010-04-18 12:25:46", "object_repr": "otra p\u00e1gina", "object_id": "6", "change_message": "Modifica name y text.", "user": 1, "content_type": 15}}, {"pk": 87, "model": "admin.logentry", "fields": {"action_flag": 3, "action_time": "2010-04-18 12:25:13", "object_repr": "y una m\u00e1s", "object_id": "5", "change_message": "", "user": 1, "content_type": 15}}, {"pk": 88, "model": "admin.logentry", "fields": {"action_flag": 3, "action_time": "2010-04-18 12:25:13", "object_repr": "una novedad importante", "object_id": "4", "change_message": "", "user": 1, "content_type": 15}}, {"pk": 89, "model": "admin.logentry", "fields": {"action_flag": 3, "action_time": "2010-04-18 12:25:13", "object_repr": "una noticia en varias categor\u00edas", "object_id": "3", "change_message": "", "user": 1, "content_type": 15}}, {"pk": 90, "model": "admin.logentry", "fields": {"action_flag": 3, "action_time": "2010-04-18 12:25:13", "object_repr": "otra noticia", "object_id": "2", "change_message": "", "user": 1, "content_type": 15}}, {"pk": 86, "model": "admin.logentry", "fields": {"action_flag": 2, "action_time": "2010-04-18 12:24:40", "object_repr": "la reproducci\u00f3n de las amebas", "object_id": "7", "change_message": "Se agreg\u00f3 mapa de la categoria \"secciones: biolog\u00eda\".", "user": 1, "content_type": 23}}, {"pk": 85, "model": "admin.logentry", "fields": {"action_flag": 1, "action_time": "2010-04-18 12:24:21", "object_repr": "biolog\u00eda", "object_id": "1", "change_message": "", "user": 1, "content_type": 19}}, {"pk": 84, "model": "admin.logentry", "fields": {"action_flag": 2, "action_time": "2010-04-18 12:24:03", "object_repr": "secciones", "object_id": "1", "change_message": "No ha modificado ning\u00fan campo.", "user": 1, "content_type": 18}}, {"pk": 83, "model": "admin.logentry", "fields": {"action_flag": 2, "action_time": "2010-04-18 12:23:53", "object_repr": "secciones", "object_id": "1", "change_message": "Modifica content_types.", "user": 1, "content_type": 18}}, {"pk": 78, "model": "admin.logentry", "fields": {"action_flag": 3, "action_time": "2010-04-18 12:23:39", "object_repr": "novedades", "object_id": "1", "change_message": "", "user": 1, "content_type": 19}}, {"pk": 79, "model": "admin.logentry", "fields": {"action_flag": 3, "action_time": "2010-04-18 12:23:39", "object_repr": "anuales", "object_id": "3", "change_message": "", "user": 1, "content_type": 19}}, {"pk": 80, "model": "admin.logentry", "fields": {"action_flag": 3, "action_time": "2010-04-18 12:23:39", "object_repr": "2010", "object_id": "4", "change_message": "", "user": 1, "content_type": 19}}, {"pk": 81, "model": "admin.logentry", "fields": {"action_flag": 3, "action_time": "2010-04-18 12:23:39", "object_repr": "preguntas frecuentes", "object_id": "2", "change_message": "", "user": 1, "content_type": 19}}, {"pk": 82, "model": "admin.logentry", "fields": {"action_flag": 3, "action_time": "2010-04-18 12:23:39", "object_repr": "t\u00e9cnicas", "object_id": "5", "change_message": "", "user": 1, "content_type": 19}}, {"pk": 77, "model": "admin.logentry", "fields": {"action_flag": 3, "action_time": "2010-04-18 12:23:22", "object_repr": "destacad\u00edsimas", "object_id": "6", "change_message": "", "user": 1, "content_type": 19}}, {"pk": 76, "model": "admin.logentry", "fields": {"action_flag": 3, "action_time": "2010-04-18 12:23:14", "object_repr": "por su relevancia", "object_id": "7", "change_message": "", "user": 1, "content_type": 19}}, {"pk": 75, "model": "admin.logentry", "fields": {"action_flag": 3, "action_time": "2010-04-18 12:23:06", "object_repr": "o por capricho", "object_id": "8", "change_message": "", "user": 1, "content_type": 19}}, {"pk": 74, "model": "admin.logentry", "fields": {"action_flag": 2, "action_time": "2010-04-18 12:22:43", "object_repr": "secciones", "object_id": "1", "change_message": "Modifica content_types.", "user": 1, "content_type": 18}}, {"pk": 73, "model": "admin.logentry", "fields": {"action_flag": 2, "action_time": "2010-04-18 12:21:08", "object_repr": "secciones", "object_id": "1", "change_message": "Modifica content_types.", "user": 1, "content_type": 18}}, {"pk": 72, "model": "admin.logentry", "fields": {"action_flag": 1, "action_time": "2010-04-18 12:20:31", "object_repr": "la reproducci\u00f3n de las amebas", "object_id": "7", "change_message": "", "user": 1, "content_type": 23}}, {"pk": 71, "model": "admin.logentry", "fields": {"action_flag": 1, "action_time": "2010-04-18 12:18:57", "object_repr": "nicoechaniz", "object_id": "1", "change_message": "", "user": 1, "content_type": 21}}, {"pk": 70, "model": "admin.logentry", "fields": {"action_flag": 2, "action_time": "2010-04-18 11:55:14", "object_repr": "home", "object_id": "2", "change_message": "Se agreg\u00f3 region view \"menu/root_items_list\".", "user": 1, "content_type": 17}}, {"pk": 69, "model": "admin.logentry", "fields": {"action_flag": 2, "action_time": "2010-04-18 11:39:26", "object_repr": "una p\u00e1gina", "object_id": "3", "change_message": "Modifica name.", "user": 1, "content_type": 13}}, {"pk": 68, "model": "admin.logentry", "fields": {"action_flag": 1, "action_time": "2010-04-18 11:39:10", "object_repr": "una p\u00e1gina", "object_id": "6", "change_message": "", "user": 1, "content_type": 15}}, {"pk": 67, "model": "admin.logentry", "fields": {"action_flag": 2, "action_time": "2010-04-18 11:37:23", "object_repr": "cyclope_demo.com", "object_id": "1", "change_message": "Modifica theme.", "user": 1, "content_type": 11}}, {"pk": 66, "model": "admin.logentry", "fields": {"action_flag": 2, "action_time": "2010-04-18 11:25:42", "object_repr": "cyclope_demo.com", "object_id": "1", "change_message": "Modifica theme.", "user": 1, "content_type": 11}}, {"pk": 65, "model": "admin.logentry", "fields": {"action_flag": 2, "action_time": "2010-04-18 10:39:58", "object_repr": "importante", "object_id": "3", "change_message": "No ha modificado ning\u00fan campo.", "user": 1, "content_type": 13}}, {"pk": 64, "model": "admin.logentry", "fields": {"action_flag": 2, "action_time": "2010-04-18 10:39:44", "object_repr": "una novedad importante", "object_id": "4", "change_message": "No ha modificado ning\u00fan campo.", "user": 1, "content_type": 15}}, {"pk": 63, "model": "admin.logentry", "fields": {"action_flag": 2, "action_time": "2010-04-18 10:38:58", "object_repr": "importante", "object_id": "3", "change_message": "No ha modificado ning\u00fan campo.", "user": 1, "content_type": 13}}, {"pk": 62, "model": "admin.logentry", "fields": {"action_flag": 2, "action_time": "2010-04-18 10:36:36", "object_repr": "importante", "object_id": "3", "change_message": "Modifica name, layout, content_type, content_view y content_object.", "user": 1, "content_type": 13}}, {"pk": 61, "model": "admin.logentry", "fields": {"action_flag": 2, "action_time": "2010-04-18 10:34:50", "object_repr": "default", "object_id": "1", "change_message": "Se modificaron region en region view \"collection/categories_hierarchy\".", "user": 1, "content_type": 17}}, {"pk": 60, "model": "admin.logentry", "fields": {"action_flag": 2, "action_time": "2010-04-18 10:07:52", "object_repr": "Home", "object_id": "1", "change_message": "Modifica layout.", "user": 1, "content_type": 13}}, {"pk": 59, "model": "admin.logentry", "fields": {"action_flag": 2, "action_time": "2010-04-18 10:07:23", "object_repr": "home", "object_id": "2", "change_message": "Se modificaron region en region view \"collection/categories_hierarchy\".", "user": 1, "content_type": 17}}, {"pk": 58, "model": "admin.logentry", "fields": {"action_flag": 2, "action_time": "2010-04-18 09:52:47", "object_repr": "cyclope_demo.com", "object_id": "1", "change_message": "Modifica domain y name.", "user": 1, "content_type": 7}}, {"pk": 57, "model": "admin.logentry", "fields": {"action_flag": 2, "action_time": "2010-04-18 09:40:25", "object_repr": "home", "object_id": "2", "change_message": "Modifica name.", "user": 1, "content_type": 17}}, {"pk": 56, "model": "admin.logentry", "fields": {"action_flag": 2, "action_time": "2010-04-18 09:40:11", "object_repr": "four panes", "object_id": "2", "change_message": "Modifica template. Se modificaron region en region view \"collection/categories_hierarchy\". Se modificaron region en region view \"menu/root_items_list\". Se elimin\u00f3 region view \"staticpage/detail\". Se elimin\u00f3 region view \"staticpage/detail\". Se elimin\u00f3 region view \"staticpage/detail\". Se elimin\u00f3 region view \"staticpage/detail\".", "user": 1, "content_type": 17}}, {"pk": 55, "model": "admin.logentry", "fields": {"action_flag": 2, "action_time": "2010-04-18 09:25:41", "object_repr": "cyclope_example.com", "object_id": "1", "change_message": "Modifica theme.", "user": 1, "content_type": 11}}, {"pk": 54, "model": "admin.logentry", "fields": {"action_flag": 2, "action_time": "2010-04-15 18:24:44", "object_repr": "four panes", "object_id": "2", "change_message": "Se agreg\u00f3 region view \"staticpage/detail\".", "user": 1, "content_type": 17}}, {"pk": 53, "model": "admin.logentry", "fields": {"action_flag": 2, "action_time": "2010-04-15 18:24:25", "object_repr": "four panes", "object_id": "2", "change_message": "Se agreg\u00f3 region view \"staticpage/detail\".", "user": 1, "content_type": 17}}, {"pk": 52, "model": "admin.logentry", "fields": {"action_flag": 1, "action_time": "2010-04-15 18:23:12", "object_repr": "y una m\u00e1s", "object_id": "5", "change_message": "", "user": 1, "content_type": 15}}, {"pk": 51, "model": "admin.logentry", "fields": {"action_flag": 2, "action_time": "2010-04-15 18:22:37", "object_repr": "otra noticia", "object_id": "2", "change_message": "Se agreg\u00f3 mapa de la categoria \"secciones: novedades\".", "user": 1, "content_type": 15}}, {"pk": 50, "model": "admin.logentry", "fields": {"action_flag": 2, "action_time": "2010-04-15 18:22:30", "object_repr": "otra noticia", "object_id": "2", "change_message": "Modifica name y text.", "user": 1, "content_type": 15}}, {"pk": 49, "model": "admin.logentry", "fields": {"action_flag": 2, "action_time": "2010-04-15 18:21:53", "object_repr": "four panes", "object_id": "2", "change_message": "Se agreg\u00f3 region view \"staticpage/detail\".", "user": 1, "content_type": 17}}, {"pk": 48, "model": "admin.logentry", "fields": {"action_flag": 2, "action_time": "2010-04-15 18:21:24", "object_repr": "four panes", "object_id": "2", "change_message": "Se agreg\u00f3 region view \"staticpage/detail\".", "user": 1, "content_type": 17}}, {"pk": 47, "model": "admin.logentry", "fields": {"action_flag": 2, "action_time": "2010-04-13 04:29:01", "object_repr": "otro layout", "object_id": "3", "change_message": "Modifica content_type y content_view.", "user": 1, "content_type": 13}}, {"pk": 46, "model": "admin.logentry", "fields": {"action_flag": 2, "action_time": "2010-04-13 02:02:06", "object_repr": "default", "object_id": "1", "change_message": "Se modificaron region en region view \"collection/categories_hierarchy\".", "user": 1, "content_type": 17}}, {"pk": 45, "model": "admin.logentry", "fields": {"action_flag": 2, "action_time": "2010-04-13 02:01:57", "object_repr": "four panes", "object_id": "2", "change_message": "Se modificaron region en region view \"collection/categories_hierarchy\".", "user": 1, "content_type": 17}}, {"pk": 44, "model": "admin.logentry", "fields": {"action_flag": 1, "action_time": "2010-04-12 21:48:43", "object_repr": "una novedad importante", "object_id": "4", "change_message": "", "user": 1, "content_type": 15}}, {"pk": 43, "model": "admin.logentry", "fields": {"action_flag": 2, "action_time": "2010-04-12 21:46:32", "object_repr": "otro layout", "object_id": "3", "change_message": "No ha modificado ning\u00fan campo.", "user": 1, "content_type": 13}}, {"pk": 42, "model": "admin.logentry", "fields": {"action_flag": 2, "action_time": "2010-04-12 21:45:52", "object_repr": "otro layout", "object_id": "3", "change_message": "No ha modificado ning\u00fan campo.", "user": 1, "content_type": 13}}, {"pk": 41, "model": "admin.logentry", "fields": {"action_flag": 2, "action_time": "2010-04-12 21:45:48", "object_repr": "google", "object_id": "2", "change_message": "No ha modificado ning\u00fan campo.", "user": 1, "content_type": 13}}, {"pk": 40, "model": "admin.logentry", "fields": {"action_flag": 2, "action_time": "2010-04-12 21:45:44", "object_repr": "Home", "object_id": "1", "change_message": "No ha modificado ning\u00fan campo.", "user": 1, "content_type": 13}}, {"pk": 39, "model": "admin.logentry", "fields": {"action_flag": 2, "action_time": "2010-04-06 23:41:15", "object_repr": "Home", "object_id": "1", "change_message": "Modifica text.", "user": 1, "content_type": 15}}, {"pk": 38, "model": "admin.logentry", "fields": {"action_flag": 2, "action_time": "2010-04-06 23:36:47", "object_repr": "una noticia en varias categor\u00edas", "object_id": "3", "change_message": "Modifica name, summary y text.", "user": 1, "content_type": 15}}, {"pk": 37, "model": "admin.logentry", "fields": {"action_flag": 2, "action_time": "2010-04-06 23:35:25", "object_repr": "empezamos a probar ...", "object_id": "3", "change_message": "Se agreg\u00f3 category map \"secciones: o por capricho\".", "user": 1, "content_type": 15}}, {"pk": 36, "model": "admin.logentry", "fields": {"action_flag": 2, "action_time": "2010-04-06 23:32:28", "object_repr": "otro layout", "object_id": "3", "change_message": "Modifica name.", "user": 1, "content_type": 13}}, {"pk": 35, "model": "admin.logentry", "fields": {"action_flag": 2, "action_time": "2010-04-06 23:31:12", "object_repr": "otro layout", "object_id": "2", "change_message": "Modifica name, summary y text.", "user": 1, "content_type": 15}}, {"pk": 34, "model": "admin.logentry", "fields": {"action_flag": 2, "action_time": "2010-04-06 23:29:18", "object_repr": "four panes", "object_id": "2", "change_message": "Se modificaron region en region view \"menu/root_items_list\".", "user": 1, "content_type": 17}}, {"pk": 33, "model": "admin.logentry", "fields": {"action_flag": 2, "action_time": "2010-04-06 23:29:05", "object_repr": "four panes", "object_id": "2", "change_message": "Se agreg\u00f3 region view \"menu/root_items_list\".", "user": 1, "content_type": 17}}, {"pk": 32, "model": "admin.logentry", "fields": {"action_flag": 2, "action_time": "2010-04-06 23:27:28", "object_repr": "four panes", "object_id": "2", "change_message": "Se modificaron content_type, content_view y object_id en region view \"collection/categories_hierarchy\".", "user": 1, "content_type": 17}}, {"pk": 31, "model": "admin.logentry", "fields": {"action_flag": 2, "action_time": "2010-04-06 23:26:37", "object_repr": "four panes", "object_id": "2", "change_message": "Se modificaron content_type y object_id en region view \"category/root_items_list\".", "user": 1, "content_type": 17}}, {"pk": 30, "model": "admin.logentry", "fields": {"action_flag": 2, "action_time": "2010-04-06 23:25:56", "object_repr": "otra p\u00e1gina", "object_id": "3", "change_message": "Modifica layout.", "user": 1, "content_type": 13}}, {"pk": 29, "model": "admin.logentry", "fields": {"action_flag": 1, "action_time": "2010-04-06 23:25:45", "object_repr": "four panes", "object_id": "2", "change_message": "", "user": 1, "content_type": 17}}, {"pk": 28, "model": "admin.logentry", "fields": {"action_flag": 2, "action_time": "2010-04-06 23:19:45", "object_repr": "default", "object_id": "1", "change_message": "Se modificaron region y weight en region view \"menu/root_items_list\".", "user": 1, "content_type": 17}}, {"pk": 27, "model": "admin.logentry", "fields": {"action_flag": 2, "action_time": "2010-04-06 23:19:18", "object_repr": "default", "object_id": "1", "change_message": "Se modificaron content_type y object_id en region view \"menu/root_items_list\".", "user": 1, "content_type": 17}}, {"pk": 26, "model": "admin.logentry", "fields": {"action_flag": 2, "action_time": "2010-04-06 23:18:55", "object_repr": "default", "object_id": "1", "change_message": "No ha modificado ning\u00fan campo.", "user": 1, "content_type": 17}}, {"pk": 25, "model": "admin.logentry", "fields": {"action_flag": 2, "action_time": "2010-04-06 23:17:46", "object_repr": "default", "object_id": "1", "change_message": "Se modificaron weight en region view \"collection/categories_hierarchy\". Se modificaron weight en region view \"category/root_items_list\".", "user": 1, "content_type": 17}}, {"pk": 24, "model": "admin.logentry", "fields": {"action_flag": 2, "action_time": "2010-04-06 23:17:14", "object_repr": "default", "object_id": "1", "change_message": "Se agreg\u00f3 region view \"category/root_items_list\". Se modificaron weight en region view \"collection/categories_hierarchy\".", "user": 1, "content_type": 17}}, {"pk": 23, "model": "admin.logentry", "fields": {"action_flag": 1, "action_time": "2010-04-06 23:16:31", "object_repr": "o por capricho", "object_id": "8", "change_message": "", "user": 1, "content_type": 19}}, {"pk": 22, "model": "admin.logentry", "fields": {"action_flag": 1, "action_time": "2010-04-06 23:16:18", "object_repr": "por su relevancia", "object_id": "7", "change_message": "", "user": 1, "content_type": 19}}, {"pk": 21, "model": "admin.logentry", "fields": {"action_flag": 1, "action_time": "2010-04-06 23:15:50", "object_repr": "destacad\u00edsimas", "object_id": "6", "change_message": "", "user": 1, "content_type": 19}}, {"pk": 20, "model": "admin.logentry", "fields": {"action_flag": 2, "action_time": "2010-04-06 23:15:01", "object_repr": "empezamos a probar ...", "object_id": "3", "change_message": "Se agreg\u00f3 category map \"secciones: novedades\".", "user": 1, "content_type": 15}}, {"pk": 19, "model": "admin.logentry", "fields": {"action_flag": 1, "action_time": "2010-04-06 23:14:48", "object_repr": "empezamos a probar ...", "object_id": "3", "change_message": "", "user": 1, "content_type": 15}}, {"pk": 18, "model": "admin.logentry", "fields": {"action_flag": 2, "action_time": "2010-04-06 23:13:59", "object_repr": "otra p\u00e1gina cualquiera", "object_id": "2", "change_message": "Se elimin\u00f3 category map \"secciones: novedades\".", "user": 1, "content_type": 15}}, {"pk": 17, "model": "admin.logentry", "fields": {"action_flag": 1, "action_time": "2010-04-06 23:13:31", "object_repr": "otra p\u00e1gina cualquiera", "object_id": "2", "change_message": "", "user": 1, "content_type": 15}}, {"pk": 16, "model": "admin.logentry", "fields": {"action_flag": 1, "action_time": "2010-04-06 23:12:31", "object_repr": "otra p\u00e1gina", "object_id": "3", "change_message": "", "user": 1, "content_type": 13}}, {"pk": 15, "model": "admin.logentry", "fields": {"action_flag": 1, "action_time": "2010-04-06 23:01:56", "object_repr": "google", "object_id": "2", "change_message": "", "user": 1, "content_type": 13}}, {"pk": 14, "model": "admin.logentry", "fields": {"action_flag": 2, "action_time": "2010-04-06 23:00:59", "object_repr": "default", "object_id": "1", "change_message": "Se agreg\u00f3 region view \"collection/categories_hierarchy\".", "user": 1, "content_type": 17}}, {"pk": 13, "model": "admin.logentry", "fields": {"action_flag": 2, "action_time": "2010-04-06 23:00:14", "object_repr": "cyclope_example.com", "object_id": "1", "change_message": "Modifica default_layout.", "user": 1, "content_type": 11}}, {"pk": 12, "model": "admin.logentry", "fields": {"action_flag": 1, "action_time": "2010-04-06 22:59:59", "object_repr": "default", "object_id": "1", "change_message": "", "user": 1, "content_type": 17}}, {"pk": 11, "model": "admin.logentry", "fields": {"action_flag": 1, "action_time": "2010-04-06 22:59:21", "object_repr": "Home", "object_id": "1", "change_message": "", "user": 1, "content_type": 13}}, {"pk": 10, "model": "admin.logentry", "fields": {"action_flag": 1, "action_time": "2010-04-06 22:58:43", "object_repr": "t\u00e9cnicas", "object_id": "5", "change_message": "", "user": 1, "content_type": 19}}, {"pk": 9, "model": "admin.logentry", "fields": {"action_flag": 1, "action_time": "2010-04-06 22:58:23", "object_repr": "2010", "object_id": "4", "change_message": "", "user": 1, "content_type": 19}}, {"pk": 8, "model": "admin.logentry", "fields": {"action_flag": 1, "action_time": "2010-04-06 22:57:56", "object_repr": "anuales", "object_id": "3", "change_message": "", "user": 1, "content_type": 19}}, {"pk": 7, "model": "admin.logentry", "fields": {"action_flag": 1, "action_time": "2010-04-06 22:57:43", "object_repr": "preguntas frecuentes", "object_id": "2", "change_message": "", "user": 1, "content_type": 19}}, {"pk": 6, "model": "admin.logentry", "fields": {"action_flag": 1, "action_time": "2010-04-06 22:50:56", "object_repr": "novedades", "object_id": "1", "change_message": "", "user": 1, "content_type": 19}}, {"pk": 5, "model": "admin.logentry", "fields": {"action_flag": 1, "action_time": "2010-04-06 22:50:44", "object_repr": "secciones", "object_id": "1", "change_message": "", "user": 1, "content_type": 18}}, {"pk": 4, "model": "admin.logentry", "fields": {"action_flag": 1, "action_time": "2010-04-06 22:50:19", "object_repr": "Home", "object_id": "1", "change_message": "", "user": 1, "content_type": 15}}, {"pk": 3, "model": "admin.logentry", "fields": {"action_flag": 1, "action_time": "2010-04-06 22:48:25", "object_repr": "principal", "object_id": "1", "change_message": "", "user": 1, "content_type": 12}}, {"pk": 2, "model": "admin.logentry", "fields": {"action_flag": 1, "action_time": "2010-04-06 22:48:06", "object_repr": "cyclope_example.com", "object_id": "1", "change_message": "", "user": 1, "content_type": 11}}, {"pk": 1, "model": "admin.logentry", "fields": {"action_flag": 2, "action_time": "2010-04-06 22:47:40", "object_repr": "cyclope_example.com", "object_id": "1", "change_message": "Modifica domain y name.", "user": 1, "content_type": 7}}, {"pk": 7, "model": "captcha.captchastore", "fields": {"challenge": "ZXTL", "hashkey": "8281d93fc89b3413ffcc701a9f7cc1d2352ec19e", "response": "zxtl", "expiration": "2010-04-20 01:25:55"}}, {"pk": 8, "model": "captcha.captchastore", "fields": {"challenge": "LCVD", "hashkey": "893271b4b3f0589e124d2098347e240759041815", "response": "lcvd", "expiration": "2010-04-20 01:26:07"}}, {"pk": 9, "model": "captcha.captchastore", "fields": {"challenge": "YTPQ", "hashkey": "4fe7a15873da2c632ec7c3ab42e6381933bbac70", "response": "ytpq", "expiration": "2010-04-20 01:26:24"}}, {"pk": 10, "model": "captcha.captchastore", "fields": {"challenge": "LCPC", "hashkey": "ec4ea15823e6350dec86a24859456bd4530765f5", "response": "lcpc", "expiration": "2010-04-20 01:27:01"}}, {"pk": 11, "model": "captcha.captchastore", "fields": {"challenge": "BIMO", "hashkey": "b0c71c76c838dec7a537a497b7928a8c394532f3", "response": "bimo", "expiration": "2010-04-20 01:27:16"}}, {"pk": 12, "model": "captcha.captchastore", "fields": {"challenge": "QVDH", "hashkey": "15e8d72f3fe8dda83581d4b013890b062f116363", "response": "qvdh", "expiration": "2010-04-20 01:27:25"}}, {"pk": 13, "model": "captcha.captchastore", "fields": {"challenge": "AEMG", "hashkey": "e5c164eeb8a0edd3a4dd8a085a2a047453ae9da1", "response": "aemg", "expiration": "2010-04-20 01:27:33"}}, {"pk": 14, "model": "captcha.captchastore", "fields": {"challenge": "VGJW", "hashkey": "eadd9d7dc1ecf16ade1ac92e5718cb1c46393837", "response": "vgjw", "expiration": "2010-04-20 01:28:00"}}, {"pk": 15, "model": "captcha.captchastore", "fields": {"challenge": "SXGL", "hashkey": "abca15049a5df3b6808838a99e75935de15c6b01", "response": "sxgl", "expiration": "2010-04-20 01:28:20"}}, {"pk": 16, "model": "captcha.captchastore", "fields": {"challenge": "GZPT", "hashkey": "a3c3eb035c39eccd3eab4bcd2bb2ef19fb0b8f7f", "response": "gzpt", "expiration": "2010-04-20 01:28:28"}}, {"pk": 17, "model": "captcha.captchastore", "fields": {"challenge": "JNGW", "hashkey": "b7036f1b731fe4450c260e539f01b16b53515a1b", "response": "jngw", "expiration": "2010-04-20 01:30:22"}}, {"pk": 1, "model": "cyclope.sitesettings", "fields": {"allow_comments": "YES", "description": "", "global_title": "Cyclope Demo", "site": 1, "theme": "neutrona", "keywords": "", "default_layout": 1}}, {"pk": 1, "model": "cyclope.menu", "fields": {"main_menu": true, "name": "principal", "slug": "principal"}}, {"pk": 1, "model": "cyclope.menuitem", "fields": {"site_home": true, "rght": 2, "layout": 2, "name": "Home", "parent": null, "lft": 1, "url": "home", "menu": 1, "tree_id": 1, "custom_url": "", "content_object": 1, "content_type": 15, "content_view": "detail", "active": true, "level": 0, "slug": "home"}}, {"pk": 2, "model": "cyclope.menuitem", "fields": {"site_home": false, "rght": 2, "layout": 1, "name": "google", "parent": null, "lft": 1, "url": "http://google.com", "menu": 1, "tree_id": 2, "custom_url": "http://google.com", "content_object": null, "content_type": null, "content_view": "", "active": true, "level": 0, "slug": "google"}}, {"pk": 3, "model": "cyclope.menuitem", "fields": {"site_home": false, "rght": 2, "layout": 1, "name": "una p\u00e1gina", "parent": null, "lft": 1, "url": "importante", "menu": 1, "tree_id": 3, "custom_url": "", "content_object": 6, "content_type": 15, "content_view": "detail", "active": true, "level": 0, "slug": "una-pagina"}}, {"pk": 1, "model": "cyclope.basecontent", "fields": {"name": "Home", "slug": "home"}}, {"pk": 6, "model": "cyclope.basecontent", "fields": {"name": "otra p\u00e1gina", "slug": "otra-pagina"}}, {"pk": 7, "model": "cyclope.basecontent", "fields": {"name": "la reproducci\u00f3n de las amebas", "slug": "la-reproduccion-de-las-amebas"}}, {"pk": 8, "model": "cyclope.basecontent", "fields": {"name": "mohos mucilaginosos", "slug": "mohos-mucilaginosos"}}, {"pk": 9, "model": "cyclope.basecontent", "fields": {"name": "rep\u00fablica Argentina", "slug": "republica-argentina"}}, {"pk": 10, "model": "cyclope.basecontent", "fields": {"name": "postdata sobre...", "slug": "postdata-sobre"}}, {"pk": 1, "model": "cyclope.staticpage", "fields": {"text": "<p>Esta es la p\u00e1gina de inicio. El sitio se ve bastante feote... reci\u00e9n estamos empezando a armar vistas de frontend para las apps fundamentales y falta&#160; bastante por hacer... pero ya se puede empezar a jugar...</p><p>Cada cosa que se ve es una \"vistita\" de un objeto. Est\u00e1n definidas en frontend_views.py adentro de cada aplicaci\u00f3n. Cada item del men\u00fa puede tener asociado un layout diferente. Puede tener m\u00e1s regiones, o menos y tener distribu\u00eddas las vistitas como sea. El CSS se rompe bastante porque us\u00e9 uno que ten\u00eda y todav\u00eda no lo adapt\u00e9 casi nada.</p>", "allow_comments": "SITE", "basecontent_ptr": 1, "summary": "<p>Esta es la p\u00e1gina de inicio...</p>"}}, {"pk": 6, "model": "cyclope.staticpage", "fields": {"text": "<p>una p\u00e1gina cualquiera con el layout por defecto</p>", "allow_comments": "NO", "basecontent_ptr": 6, "summary": "<p>una p\u00e1gina cualquiera</p>"}}, {"pk": 10, "model": "cyclope.staticpage", "fields": {"text": "<p>&#160;defedf</p>", "allow_comments": "SITE", "basecontent_ptr": 10, "summary": "<p>&#160;dcd</p>"}}, {"pk": 1, "model": "cyclope.regionview", "fields": {"layout": 1, "weight": 0, "content_view": "root_items_list", "region": "header", "object_id": 1, "content_type": 12}}, {"pk": 2, "model": "cyclope.regionview", "fields": {"layout": 1, "weight": 0, "content_view": "categories_hierarchy", "region": "left_sidebar", "object_id": 1, "content_type": 18}}, {"pk": 3, "model": "cyclope.regionview", "fields": {"layout": 1, "weight": 0, "content_view": "root_items_list", "region": "footer", "object_id": 1, "content_type": 12}}, {"pk": 4, "model": "cyclope.regionview", "fields": {"layout": 2, "weight": 0, "content_view": "categories_hierarchy", "region": "left_sidebar", "object_id": 1, "content_type": 18}}, {"pk": 5, "model": "cyclope.regionview", "fields": {"layout": 2, "weight": 0, "content_view": "root_items_list", "region": "header", "object_id": 1, "content_type": 12}}, {"pk": 6, "model": "cyclope.regionview", "fields": {"layout": 2, "weight": 0, "content_view": "root_items_list", "region": "right_sidebar", "object_id": 1, "content_type": 12}}, {"pk": 1, "model": "cyclope.layout", "fields": {"name": "default", "template": "one_sidebar.html", "slug": "default"}}, {"pk": 2, "model": "cyclope.layout", "fields": {"name": "home", "template": "two_sidebars.html", "slug": "home"}}, {"pk": 1, "model": "collections.collection", "fields": {"content_types": [23], "name": "secciones", "is_navigation_root": true, "slug": "secciones"}}, {"pk": 2, "model": "collections.collection", "fields": {"content_types": [15], "name": "biblioteca", "is_navigation_root": false, "slug": "biblioteca"}}, {"pk": 1, "model": "collections.category", "fields": {"rght": 4, "description": "", "parent": null, "level": 0, "collection": 1, "lft": 1, "tree_id": 1, "active": true, "slug": "biologia", "name": "biolog\u00eda"}}, {"pk": 2, "model": "collections.category", "fields": {"rght": 3, "description": "", "parent": 1, "level": 1, "collection": 1, "lft": 2, "tree_id": 1, "active": true, "slug": "protistas", "name": "protistas"}}, {"pk": 3, "model": "collections.category", "fields": {"rght": 2, "description": "", "parent": null, "level": 0, "collection": 1, "lft": 1, "tree_id": 2, "active": true, "slug": "geografia", "name": "geograf\u00eda"}}, {"pk": 4, "model": "collections.category", "fields": {"rght": 4, "description": "", "parent": null, "level": 0, "collection": 2, "lft": 1, "tree_id": 3, "active": true, "slug": "filosofia", "name": "Filosof\u00eda"}}, {"pk": 5, "model": "collections.category", "fields": {"rght": 2, "description": "", "parent": null, "level": 0, "collection": 2, "lft": 1, "tree_id": 4, "active": true, "slug": "letras", "name": "Letras"}}, {"pk": 6, "model": "collections.category", "fields": {"rght": 3, "description": "", "parent": 4, "level": 1, "collection": 2, "lft": 2, "tree_id": 3, "active": true, "slug": "etica", "name": "\u00e9tica"}}, {"pk": 1, "model": "collections.categorymap", "fields": {"category": 2, "object_id": 7, "content_type": 23}}, {"pk": 2, "model": "collections.categorymap", "fields": {"category": 2, "object_id": 8, "content_type": 23}}, {"pk": 3, "model": "collections.categorymap", "fields": {"category": 3, "object_id": 9, "content_type": 23}}, {"pk": 4, "model": "collections.categorymap", "fields": {"category": 6, "object_id": 10, "content_type": 15}}, {"pk": 5, "model": "collections.categorymap", "fields": {"category": 3, "object_id": 10, "content_type": 15}}, {"pk": 6, "model": "collections.categorymap", "fields": {"category": 5, "object_id": 10, "content_type": 15}}, {"pk": 1, "model": "articles.author", "fields": {"country": "Argentina", "notes": "", "name": "nicoechaniz", "slug": "nicoechaniz"}}, {"pk": 2, "model": "articles.author", "fields": {"country": "", "notes": "", "name": "deleuze", "slug": "deleuze"}}, {"pk": 7, "model": "articles.article", "fields": {"allow_comments": "SITE", "author": 1, "text": "<p>Las amebas maduras se multiplican <a href=\"http://es.wikipedia.org/wiki/Reproducci%C3%B3n_asexual\" title=\"Reproducci\u00f3n asexual\">asexualmente</a> por fisi\u00f3n binaria, en la \r\nque el <a href=\"http://es.wikipedia.org/wiki/Cromatina\" title=\"Cromatina\">material gen\u00e9tico</a> se duplica por <a href=\"http://es.wikipedia.org/wiki/Mitosis\" title=\"Mitosis\">mitosis</a>,\r\n mientras que la <a href=\"http://es.wikipedia.org/wiki/C%C3%A9lula\" title=\"C\u00e9lula\">c\u00e9lula</a> se alarga y el <a href=\"http://es.wikipedia.org/wiki/Citoplasma\" title=\"Citoplasma\">citoplasma</a>\r\n se divide en dos c\u00e9lulas hijas. Cada una se queda con una copia del <a href=\"http://es.wikipedia.org/wiki/ADN\" title=\"ADN\" class=\"mw-redirect\">ADN</a>.<a href=\"http://es.wikipedia.org/wiki/Amebas#cite_note-2\"><span class=\"corchete-llamada\">[</span>3</a></p>", "summary": "<p>en este art\u00edculo presentamos nuestra investigaci\u00f3n sobre la reproducci\u00f3n de las amebas</p>", "source": null, "date": "2010-04-18 12:19:06", "creation_date": "2010-04-18 12:20:31", "pretitle": "investigamos la reproducci\u00f3n de las amebas"}}, {"pk": 8, "model": "articles.article", "fields": {"allow_comments": "SITE", "author": 1, "text": "<p>&#160;El representante t\u00edpico de este tipo de moho mucilaginoso es el g\u00e9nero <em><a href=\"http://es.wikipedia.org/wiki/Stemonitis\" title=\"Stemonitis\">Stemonitis</a></em>.<sup id=\"cite_ref-1\" class=\"reference\"><a href=\"http://es.wikipedia.org/wiki/Moho_mucilaginoso#cite_note-1\"><span class=\"corchete-llamada\">[</span>2<span class=\"corchete-llamada\">]</span></a></sup>\r\n <sup id=\"cite_ref-2\" class=\"reference\"><a href=\"http://es.wikipedia.org/wiki/Moho_mucilaginoso#cite_note-2\"><span class=\"corchete-llamada\">[</span>3<span class=\"corchete-llamada\">]</span></a></sup>\r\n Son de vida <a href=\"http://es.wikipedia.org/wiki/Saprofito\" title=\"Saprofito\" class=\"mw-redirect\">sapr\u00f3fita</a>, se alimentan de \r\nvegetales en descomposici\u00f3n que absorben o bacterias que fagocitan. Son \r\nde ciclo complejo en donde aparecen diversos estados ameboide, monadal y\r\n plasmodial, \u00e9ste \u00faltimo suele ser el dominante. Los estados monadales \r\nse denominan mixomonadales y los estados ameboides reciben el nombre de \r\nmixoamebas. Estas fases pueden pasar de una a otra dependiendo de si hay\r\n humedad o de si las condiciones son m\u00e1s secas. La fase de ameba suele \r\nser corta, puesto que al poco tiempo suele darse la plasmogamia (fusi\u00f3n \r\nde protoplasmas de dos estados amebales), los estados ameboides han \r\nactuado a modo de <a href=\"http://es.wikipedia.org/wiki/Gameto\" title=\"Gameto\">gametos</a> y como no hay diferencia entre unos y otro \r\nhablamos de <a href=\"http://es.wikipedia.org/wiki/Isogamia\" title=\"Isogamia\">isogamia</a>.</p>", "summary": "<p>&#160;son t\u00e9rminos lasos que se utilizan para describir a aproximadamente seis\r\n grupos de <a href=\"http://es.wikipedia.org/wiki/Eukarya\" title=\"Eukarya\" class=\"mw-redirect\">Eukarya</a></p>", "source": null, "date": "2010-04-18 12:36:06", "creation_date": "2010-04-18 12:36:12", "pretitle": "moho mucilaginoso, hongo mucoso y moho acu\u00e1tico"}}, {"pk": 9, "model": "articles.article", "fields": {"allow_comments": "SITE", "author": 1, "text": "<p>Por su extensi\u00f3n, 2.780.400&#160;km\u00b2, es el segundo <a href=\"http://es.wikipedia.org/wiki/Estado\" title=\"Estado\">estado</a> m\u00e1s\r\n extenso de <a href=\"http://es.wikipedia.org/wiki/Am%C3%A9rica_del_Sur\" title=\"Am\u00e9rica del Sur\">Am\u00e9rica del Sur</a>, cuarto en el continente \r\namericano y <a href=\"http://es.wikipedia.org/wiki/Anexo:Pa%C3%ADses_por_superficie\" title=\"Anexo:Pa\u00edses por superficie\">octavo en el mundo</a>, considerando\r\n solamente la superficie continental sujeta a su soberan\u00eda efectiva. Si \r\nse consideran las islas <a href=\"http://es.wikipedia.org/wiki/Islas_Malvinas\" title=\"Islas \r\nMalvinas\">Malvinas</a>, <a href=\"http://es.wikipedia.org/wiki/Islas_Georgias_del_Sur\" title=\"Islas \r\nGeorgias del Sur\">Georgias del Sur</a>, <a href=\"http://es.wikipedia.org/wiki/Islas_Sandwich_del_Sur\" title=\"Islas \r\nSandwich del Sur\">S\u00e1ndwich del Sur</a> y <a href=\"http://es.wikipedia.org/wiki/Islas_Aurora\" title=\"Islas Aurora\">Aurora</a>\r\n (<a href=\"http://es.wikipedia.org/wiki/Territorio_Brit%C3%A1nico_de_Ultramar\" title=\"Territorio Brit\u00e1nico de Ultramar\">Territorios Brit\u00e1nicos de \r\nUltramar</a> reivindicados por <a href=\"http://es.wikipedia.org/wiki/Cuesti%C3%B3n_de_las_Islas_Malvinas\" title=\"Cuesti\u00f3n de las Islas Malvinas\">Argentina</a>), m\u00e1s el \u00e1rea \r\nant\u00e1rtica reclamada al sur del paralelo 60\u00b0 S, denominada <a href=\"http://es.wikipedia.org/wiki/Ant%C3%A1rtida_Argentina\" title=\"Ant\u00e1rtida Argentina\">Ant\u00e1rtida Argentina</a> (que incluye a las \r\nislas <a href=\"http://es.wikipedia.org/wiki/Islas_Orcadas_del_Sur\" title=\"Islas Orcadas del Sur\">Orcadas del Sur</a> y <a href=\"http://es.wikipedia.org/wiki/Islas_Shetland_del_Sur\" title=\"Islas \r\nShetland del Sur\">Shetland del Sur</a>), la superficie total se elevar\u00eda\r\n a 3.761.274&#160;km\u00b2, convirti\u00e9ndose en el s\u00e9ptimo pa\u00eds m\u00e1s grande del \r\nmundo.<sup id=\"cite_ref-Superficie_3-1\" class=\"reference\"><a href=\"http://es.wikipedia.org/wiki/Argentina#cite_note-Superficie-3\"><span class=\"corchete-llamada\">[</span>4<span class=\"corchete-llamada\">]</span></a></sup>\r\n Sin embargo, esta reclamaci\u00f3n est\u00e1 congelada de acuerdo a lo \r\nestablecido por el <a href=\"http://es.wikipedia.org/wiki/Tratado_Ant%C3%A1rtico\" title=\"Tratado Ant\u00e1rtico\">Tratado Ant\u00e1rtico</a>, sin que su firma \r\nconstituya una renuncia.</p>", "summary": "<p>La <strong>Rep\u00fablica Argentina</strong> es un <a href=\"http://es.wikipedia.org/wiki/Soberan%C3%ADa\" title=\"Soberan\u00eda\">estado\r\n soberano</a>, organizado como <a href=\"http://es.wikipedia.org/wiki/Rep%C3%BAblica\" title=\"Rep\u00fablica\">rep\u00fablica</a>\r\n <a href=\"http://es.wikipedia.org/wiki/Democracia_representativa\" title=\"Democracia representativa\">representativa</a> y <a href=\"http://es.wikipedia.org/wiki/Federalismo\" title=\"Federalismo\">federal</a>.</p>", "source": null, "date": "2010-04-18 12:37:58", "creation_date": "2010-04-18 12:38:23", "pretitle": ""}}, {"pk": 29, "model": "auth.permission", "fields": {"codename": "add_logentry", "name": "Can add log entry", "content_type": 10}}, {"pk": 30, "model": "auth.permission", "fields": {"codename": "change_logentry", "name": "Can change log entry", "content_type": 10}}, {"pk": 31, "model": "auth.permission", "fields": {"codename": "delete_logentry", "name": "Can delete log entry", "content_type": 10}}, {"pk": 68, "model": "auth.permission", "fields": {"codename": "add_article", "name": "Can add article", "content_type": 23}}, {"pk": 69, "model": "auth.permission", "fields": {"codename": "change_article", "name": "Can change article", "content_type": 23}}, {"pk": 70, "model": "auth.permission", "fields": {"codename": "delete_article", "name": "Can delete article", "content_type": 23}}, {"pk": 71, "model": "auth.permission", "fields": {"codename": "add_attachment", "name": "Can add attachment", "content_type": 24}}, {"pk": 72, "model": "auth.permission", "fields": {"codename": "change_attachment", "name": "Can change attachment", "content_type": 24}}, {"pk": 73, "model": "auth.permission", "fields": {"codename": "delete_attachment", "name": "Can delete attachment", "content_type": 24}}, {"pk": 62, "model": "auth.permission", "fields": {"codename": "add_author", "name": "Can add author", "content_type": 21}}, {"pk": 63, "model": "auth.permission", "fields": {"codename": "change_author", "name": "Can change author", "content_type": 21}}, {"pk": 64, "model": "auth.permission", "fields": {"codename": "delete_author", "name": "Can delete author", "content_type": 21}}, {"pk": 65, "model": "auth.permission", "fields": {"codename": "add_source", "name": "Can add source", "content_type": 22}}, {"pk": 66, "model": "auth.permission", "fields": {"codename": "change_source", "name": "Can change source", "content_type": 22}}, {"pk": 67, "model": "auth.permission", "fields": {"codename": "delete_source", "name": "Can delete source", "content_type": 22}}, {"pk": 4, "model": "auth.permission", "fields": {"codename": "add_group", "name": "Can add group", "content_type": 2}}, {"pk": 5, "model": "auth.permission", "fields": {"codename": "change_group", "name": "Can change group", "content_type": 2}}, {"pk": 6, "model": "auth.permission", "fields": {"codename": "delete_group", "name": "Can delete group", "content_type": 2}}, {"pk": 10, "model": "auth.permission", "fields": {"codename": "add_message", "name": "Can add message", "content_type": 4}}, {"pk": 11, "model": "auth.permission", "fields": {"codename": "change_message", "name": "Can change message", "content_type": 4}}, {"pk": 12, "model": "auth.permission", "fields": {"codename": "delete_message", "name": "Can delete message", "content_type": 4}}, {"pk": 1, "model": "auth.permission", "fields": {"codename": "add_permission", "name": "Can add permission", "content_type": 1}}, {"pk": 2, "model": "auth.permission", "fields": {"codename": "change_permission", "name": "Can change permission", "content_type": 1}}, {"pk": 3, "model": "auth.permission", "fields": {"codename": "delete_permission", "name": "Can delete permission", "content_type": 1}}, {"pk": 7, "model": "auth.permission", "fields": {"codename": "add_user", "name": "Can add user", "content_type": 3}}, {"pk": 8, "model": "auth.permission", "fields": {"codename": "change_user", "name": "Can change user", "content_type": 3}}, {"pk": 9, "model": "auth.permission", "fields": {"codename": "delete_user", "name": "Can delete user", "content_type": 3}}, {"pk": 74, "model": "auth.permission", "fields": {"codename": "add_captchastore", "name": "Can add captcha store", "content_type": 25}}, {"pk": 75, "model": "auth.permission", "fields": {"codename": "change_captchastore", "name": "Can change captcha store", "content_type": 25}}, {"pk": 76, "model": "auth.permission", "fields": {"codename": "delete_captchastore", "name": "Can delete captcha store", "content_type": 25}}, {"pk": 56, "model": "auth.permission", "fields": {"codename": "add_category", "name": "Can add category", "content_type": 19}}, {"pk": 57, "model": "auth.permission", "fields": {"codename": "change_category", "name": "Can change category", "content_type": 19}}, {"pk": 58, "model": "auth.permission", "fields": {"codename": "delete_category", "name": "Can delete category", "content_type": 19}}, {"pk": 59, "model": "auth.permission", "fields": {"codename": "add_categorymap", "name": "Can add category map", "content_type": 20}}, {"pk": 60, "model": "auth.permission", "fields": {"codename": "change_categorymap", "name": "Can change category map", "content_type": 20}}, {"pk": 61, "model": "auth.permission", "fields": {"codename": "delete_categorymap", "name": "Can delete category map", "content_type": 20}}, {"pk": 53, "model": "auth.permission", "fields": {"codename": "add_collection", "name": "Can add collection", "content_type": 18}}, {"pk": 54, "model": "auth.permission", "fields": {"codename": "change_collection", "name": "Can change collection", "content_type": 18}}, {"pk": 55, "model": "auth.permission", "fields": {"codename": "delete_collection", "name": "Can delete collection", "content_type": 18}}, {"pk": 22, "model": "auth.permission", "fields": {"codename": "add_comment", "name": "Can add comment", "content_type": 8}}, {"pk": 25, "model": "auth.permission", "fields": {"codename": "can_moderate", "name": "Can moderate comments", "content_type": 8}}, {"pk": 23, "model": "auth.permission", "fields": {"codename": "change_comment", "name": "Can change comment", "content_type": 8}}, {"pk": 24, "model": "auth.permission", "fields": {"codename": "delete_comment", "name": "Can delete comment", "content_type": 8}}, {"pk": 26, "model": "auth.permission", "fields": {"codename": "add_commentflag", "name": "Can add comment flag", "content_type": 9}}, {"pk": 27, "model": "auth.permission", "fields": {"codename": "change_commentflag", "name": "Can change comment flag", "content_type": 9}}, {"pk": 28, "model": "auth.permission", "fields": {"codename": "delete_commentflag", "name": "Can delete comment flag", "content_type": 9}}, {"pk": 13, "model": "auth.permission", "fields": {"codename": "add_contenttype", "name": "Can add content type", "content_type": 5}}, {"pk": 14, "model": "auth.permission", "fields": {"codename": "change_contenttype", "name": "Can change content type", "content_type": 5}}, {"pk": 15, "model": "auth.permission", "fields": {"codename": "delete_contenttype", "name": "Can delete content type", "content_type": 5}}, {"pk": 41, "model": "auth.permission", "fields": {"codename": "add_basecontent", "name": "Can add base content", "content_type": 14}}, {"pk": 42, "model": "auth.permission", "fields": {"codename": "change_basecontent", "name": "Can change base content", "content_type": 14}}, {"pk": 43, "model": "auth.permission", "fields": {"codename": "delete_basecontent", "name": "Can delete base content", "content_type": 14}}, {"pk": 50, "model": "auth.permission", "fields": {"codename": "add_layout", "name": "Can add layout", "content_type": 17}}, {"pk": 51, "model": "auth.permission", "fields": {"codename": "change_layout", "name": "Can change layout", "content_type": 17}}, {"pk": 52, "model": "auth.permission", "fields": {"codename": "delete_layout", "name": "Can delete layout", "content_type": 17}}, {"pk": 35, "model": "auth.permission", "fields": {"codename": "add_menu", "name": "Can add menu", "content_type": 12}}, {"pk": 36, "model": "auth.permission", "fields": {"codename": "change_menu", "name": "Can change menu", "content_type": 12}}, {"pk": 37, "model": "auth.permission", "fields": {"codename": "delete_menu", "name": "Can delete menu", "content_type": 12}}, {"pk": 38, "model": "auth.permission", "fields": {"codename": "add_menuitem", "name": "Can add menu item", "content_type": 13}}, {"pk": 39, "model": "auth.permission", "fields": {"codename": "change_menuitem", "name": "Can change menu item", "content_type": 13}}, {"pk": 40, "model": "auth.permission", "fields": {"codename": "delete_menuitem", "name": "Can delete menu item", "content_type": 13}}, {"pk": 47, "model": "auth.permission", "fields": {"codename": "add_regionview", "name": "Can add region view", "content_type": 16}}, {"pk": 48, "model": "auth.permission", "fields": {"codename": "change_regionview", "name": "Can change region view", "content_type": 16}}, {"pk": 49, "model": "auth.permission", "fields": {"codename": "delete_regionview", "name": "Can delete region view", "content_type": 16}}, {"pk": 32, "model": "auth.permission", "fields": {"codename": "add_sitesettings", "name": "Can add site settings", "content_type": 11}}, {"pk": 33, "model": "auth.permission", "fields": {"codename": "change_sitesettings", "name": "Can change site settings", "content_type": 11}}, {"pk": 34, "model": "auth.permission", "fields": {"codename": "delete_sitesettings", "name": "Can delete site settings", "content_type": 11}}, {"pk": 44, "model": "auth.permission", "fields": {"codename": "add_staticpage", "name": "Can add static page", "content_type": 15}}, {"pk": 45, "model": "auth.permission", "fields": {"codename": "change_staticpage", "name": "Can change static page", "content_type": 15}}, {"pk": 46, "model": "auth.permission", "fields": {"codename": "delete_staticpage", "name": "Can delete static page", "content_type": 15}}, {"pk": 16, "model": "auth.permission", "fields": {"codename": "add_session", "name": "Can add session", "content_type": 6}}, {"pk": 17, "model": "auth.permission", "fields": {"codename": "change_session", "name": "Can change session", "content_type": 6}}, {"pk": 18, "model": "auth.permission", "fields": {"codename": "delete_session", "name": "Can delete session", "content_type": 6}}, {"pk": 19, "model": "auth.permission", "fields": {"codename": "add_site", "name": "Can add site", "content_type": 7}}, {"pk": 20, "model": "auth.permission", "fields": {"codename": "change_site", "name": "Can change site", "content_type": 7}}, {"pk": 21, "model": "auth.permission", "fields": {"codename": "delete_site", "name": "Can delete site", "content_type": 7}}, {"pk": 1, "model": "auth.user", "fields": {"username": "admin", "first_name": "", "last_name": "", "is_active": true, "is_superuser": true, "is_staff": true, "last_login": "2010-04-07 00:24:54", "groups": [], "user_permissions": [], "password": "sha1$f944d$bee18cc9004183414bf920532b8a66bc1221cd66", "email": "admin@admin.com", "date_joined": "2010-04-06 22:46:35"}}]
