[
  {
    "pk": 1, 
    "model": "cyclope.sitesettings", 
    "fields": {
      "rss_content_types": [
        [
          "articles", 
          "article"
        ]
      ], 
      "allow_comments": "YES", 
      "description": "Neutrona es una plantilla \u201cneutra\u201d realizada para Cyclope 3 en colores grises, para servir de base de trabajo para dise\u00f1os m\u00e1s complejos. Ha sido realizada bajo el framework 960 Grid System (www.960.gs) y est\u00e1 totalmente desarrollada con la t\u00e9cnica tableless. Los navegadores basados en est\u00e1ndares web pueden visualizarla de forma correcta. ", 
      "global_title": "Demo Site", 
      "site": 1, 
      "moderate_comments": false, 
      "theme": "neutronix", 
      "enable_abuse_reports": false, 
      "enable_comments_notifications": true, 
      "keywords": "cyclope cms codigo sur ", 
      "newsletter_collection": null, 
      "default_layout": 1
    }
  }, 
  {
    "pk": 1, 
    "model": "cyclope.menu", 
    "fields": {
      "main_menu": false, 
      "name": "Accesos r\u00e1pidos", 
      "slug": "accesos-rapidos"
    }
  }, 
  {
    "pk": 3, 
    "model": "cyclope.menu", 
    "fields": {
      "main_menu": true, 
      "name": "Men\u00fa Principal", 
      "slug": "menu-principal"
    }
  }, 
  {
    "pk": 1, 
    "model": "cyclope.menuitem", 
    "fields": {
      "site_home": true, 
      "rght": 2, 
      "layout": 10, 
      "name": "Inicio", 
      "parent": null, 
      "content_view": "teaser_list", 
      "url": "inicio", 
      "menu": 1, 
      "tree_id": 1, 
      "custom_url": "", 
      "object_id": 20, 
      "view_options": "{\"limit_to_n_items\": 10, \"show_description\": false, \"sort_by\": \"DATE-\", \"items_per_page\": 10, \"traverse_children\": false, \"show_title\": true, \"show_image\": false, \"simplified\": false, \"navigation\": \"TOP\"}", 
      "lft": 1, 
      "content_type": [
        "collections", 
        "category"
      ], 
      "persistent_layout": false, 
      "active": true, 
      "level": 0, 
      "slug": "inicio"
    }
  }, 
  {
    "pk": 2, 
    "model": "cyclope.menuitem", 
    "fields": {
      "site_home": false, 
      "rght": 2, 
      "layout": 1, 
      "name": "Contacto", 
      "parent": null, 
      "content_view": "", 
      "url": "/contact/", 
      "menu": 1, 
      "tree_id": 2, 
      "custom_url": "/contact/", 
      "object_id": null, 
      "view_options": "{}", 
      "lft": 1, 
      "content_type": null, 
      "persistent_layout": false, 
      "active": true, 
      "level": 0, 
      "slug": "contacto"
    }
  }, 
  {
    "pk": 64, 
    "model": "cyclope.menuitem", 
    "fields": {
      "site_home": false, 
      "rght": 2, 
      "layout": null, 
      "name": "Sobre Cyclope 3", 
      "parent": null, 
      "content_view": "", 
      "url": "http://cyclope.codigosur.org", 
      "menu": 3, 
      "tree_id": 3, 
      "custom_url": "http://cyclope.codigosur.org", 
      "object_id": null, 
      "view_options": "{}", 
      "lft": 1, 
      "content_type": null, 
      "persistent_layout": false, 
      "active": true, 
      "level": 0, 
      "slug": "sobre-cyclope-3"
    }
  }, 
  {
    "pk": 119, 
    "model": "cyclope.menuitem", 
    "fields": {
      "site_home": false, 
      "rght": 2, 
      "layout": null, 
      "name": "Mapa del Sitio", 
      "parent": null, 
      "content_view": "map", 
      "url": "mapa-del-sitio-2", 
      "menu": 1, 
      "tree_id": 4, 
      "custom_url": "", 
      "object_id": null, 
      "view_options": "{}", 
      "lft": 1, 
      "content_type": [
        "sites", 
        "site"
      ], 
      "persistent_layout": false, 
      "active": true, 
      "level": 0, 
      "slug": "mapa-del-sitio-2"
    }
  }, 
  {
    "pk": 120, 
    "model": "cyclope.menuitem", 
    "fields": {
      "site_home": false, 
      "rght": 2, 
      "layout": null, 
      "name": "Sobre C\u00f3digo Sur", 
      "parent": null, 
      "content_view": "", 
      "url": "http://www.codigosur.net", 
      "menu": 3, 
      "tree_id": 6, 
      "custom_url": "http://www.codigosur.net", 
      "object_id": null, 
      "view_options": "{}", 
      "lft": 1, 
      "content_type": null, 
      "persistent_layout": false, 
      "active": true, 
      "level": 0, 
      "slug": "sobre-codigo-sur"
    }
  }, 
  {
    "pk": 121, 
    "model": "cyclope.menuitem", 
    "fields": {
      "site_home": false, 
      "rght": 2, 
      "layout": null, 
      "name": "Revista Pillku", 
      "parent": null, 
      "content_view": "", 
      "url": "http://www.pillku.com", 
      "menu": 3, 
      "tree_id": 7, 
      "custom_url": "http://www.pillku.com", 
      "object_id": null, 
      "view_options": "{}", 
      "lft": 1, 
      "content_type": null, 
      "persistent_layout": false, 
      "active": true, 
      "level": 0, 
      "slug": "revista-pillku"
    }
  }, 
  {
    "pk": 122, 
    "model": "cyclope.menuitem", 
    "fields": {
      "site_home": false, 
      "rght": 2, 
      "layout": null, 
      "name": "Video-tutoriales", 
      "parent": null, 
      "content_view": "", 
      "url": "http://www.youtube.com/user/sanhoerth", 
      "menu": 3, 
      "tree_id": 5, 
      "custom_url": "http://www.youtube.com/user/sanhoerth", 
      "object_id": null, 
      "view_options": "{}", 
      "lft": 1, 
      "content_type": null, 
      "persistent_layout": false, 
      "active": true, 
      "level": 0, 
      "slug": "video-tutoriales"
    }
  }, 
  {
    "pk": 1, 
    "model": "cyclope.regionview", 
    "fields": {
      "layout": 1, 
      "weight": 0, 
      "content_view": "menuitems_hierarchy", 
      "region": "air", 
      "object_id": 1, 
      "view_options": "{\"align\": \"HORIZONTAL\"}", 
      "content_type": [
        "cyclope", 
        "menu"
      ]
    }
  }, 
  {
    "pk": 20, 
    "model": "cyclope.regionview", 
    "fields": {
      "layout": 1, 
      "weight": 1, 
      "content_view": "search", 
      "region": "air", 
      "object_id": null, 
      "view_options": "{}", 
      "content_type": [
        "sites", 
        "site"
      ]
    }
  }, 
  {
    "pk": 27, 
    "model": "cyclope.regionview", 
    "fields": {
      "layout": 1, 
      "weight": 0, 
      "content_view": "detail", 
      "region": "earth", 
      "object_id": 3, 
      "view_options": "{}", 
      "content_type": [
        "staticpages", 
        "staticpage"
      ]
    }
  }, 
  {
    "pk": 92, 
    "model": "cyclope.regionview", 
    "fields": {
      "layout": 10, 
      "weight": 0, 
      "content_view": "detail", 
      "region": "earth", 
      "object_id": 3, 
      "view_options": "{}", 
      "content_type": [
        "staticpages", 
        "staticpage"
      ]
    }
  }, 
  {
    "pk": 94, 
    "model": "cyclope.regionview", 
    "fields": {
      "layout": 10, 
      "weight": 0, 
      "content_view": "menuitems_hierarchy", 
      "region": "water", 
      "object_id": 3, 
      "view_options": "{\"align\": \"ON_CLICK\"}", 
      "content_type": [
        "cyclope", 
        "menu"
      ]
    }
  }, 
  {
    "pk": 96, 
    "model": "cyclope.regionview", 
    "fields": {
      "layout": 10, 
      "weight": 0, 
      "content_view": "teaser_list", 
      "region": "love", 
      "object_id": 1, 
      "view_options": "{\"limit_to_n_items\": 8, \"show_description\": false, \"sort_by\": \"DATE-\", \"items_per_page\": 8, \"traverse_children\": false, \"show_title\": true, \"show_image\": false, \"simplified\": false, \"navigation\": \"TOP\"}", 
      "content_type": [
        "collections", 
        "category"
      ]
    }
  }, 
  {
    "pk": 99, 
    "model": "cyclope.regionview", 
    "fields": {
      "layout": 10, 
      "weight": 0, 
      "content_view": "menuitems_hierarchy", 
      "region": "air", 
      "object_id": 1, 
      "view_options": "{\"align\": \"ON_CLICK\"}", 
      "content_type": [
        "cyclope", 
        "menu"
      ]
    }
  }, 
  {
    "pk": 100, 
    "model": "cyclope.regionview", 
    "fields": {
      "layout": 10, 
      "weight": 1, 
      "content_view": "search", 
      "region": "air", 
      "object_id": null, 
      "view_options": "{}", 
      "content_type": [
        "sites", 
        "site"
      ]
    }
  }, 
  {
    "pk": 101, 
    "model": "cyclope.regionview", 
    "fields": {
      "layout": 1, 
      "weight": 0, 
      "content_view": "menuitems_hierarchy", 
      "region": "water", 
      "object_id": 3, 
      "view_options": "{\"align\": \"ON_CLICK\"}", 
      "content_type": [
        "cyclope", 
        "menu"
      ]
    }
  }, 
  {
    "pk": 102, 
    "model": "cyclope.regionview", 
    "fields": {
      "layout": 10, 
      "weight": 1, 
      "content_view": "detail", 
      "region": "water", 
      "object_id": 4, 
      "view_options": "{}", 
      "content_type": [
        "staticpages", 
        "htmlblock"
      ]
    }
  }, 
  {
    "pk": 103, 
    "model": "cyclope.regionview", 
    "fields": {
      "layout": 1, 
      "weight": 1, 
      "content_view": "detail", 
      "region": "water", 
      "object_id": 4, 
      "view_options": "{}", 
      "content_type": [
        "staticpages", 
        "htmlblock"
      ]
    }
  }, 
  {
    "pk": 104, 
    "model": "cyclope.regionview", 
    "fields": {
      "layout": 10, 
      "weight": 0, 
      "content_view": "slodeshow", 
      "region": "spark", 
      "object_id": 20, 
      "view_options": "{\"auto_pause\": true, \"limit_to_n_items\": 0, \"visualization_mode\": \"slideshow-background\", \"navigation\": \"'circular'\", \"auto_play\": true, \"show_description\": true, \"sort_by\": \"DATE-\", \"delay\": 2, \"scroll_by\": 2, \"traverse_children\": false, \"show_title\": true, \"show_image\": true, \"speed\": 100, \"circular\": false}", 
      "content_type": [
        "collections", 
        "category"
      ]
    }
  }, 
  {
    "pk": 1, 
    "model": "cyclope.layout", 
    "fields": {
      "name": "Four Elements", 
      "template": "four_elements.html", 
      "slug": "four-elements"
    }
  }, 
  {
    "pk": 6, 
    "model": "cyclope.layout", 
    "fields": {
      "name": "bolet\u00edn", 
      "template": "newsletter.html", 
      "slug": "boletin"
    }
  }, 
  {
    "pk": 10, 
    "model": "cyclope.layout", 
    "fields": {
      "name": "Five Elements", 
      "template": "five_elements.html", 
      "slug": "five-elements"
    }
  }, 
  {
    "pk": 1, 
    "model": "cyclope.relatedcontent", 
    "fields": {
      "self_id": 1, 
      "self_type": [
        "staticpages", 
        "staticpage"
      ], 
      "order": 1, 
      "other_id": 1, 
      "other_type": [
        "medialibrary", 
        "picture"
      ]
    }
  }, 
  {
    "pk": 2, 
    "model": "cyclope.relatedcontent", 
    "fields": {
      "self_id": 1, 
      "self_type": [
        "articles", 
        "article"
      ], 
      "order": 1, 
      "other_id": 2, 
      "other_type": [
        "medialibrary", 
        "picture"
      ]
    }
  }, 
  {
    "pk": 1, 
    "model": "cyclope.author", 
    "fields": {
      "origin": "Chino", 
      "name": "admin", 
      "image": "/media/uploads/wp_logo.png", 
      "slug": "admin", 
      "content_types": [
        [
          "articles", 
          "article"
        ], 
        [
          "contacts", 
          "contact"
        ], 
        [
          "medialibrary", 
          "document"
        ], 
        [
          "medialibrary", 
          "externalcontent"
        ], 
        [
          "medialibrary", 
          "regularfile"
        ], 
        [
          "medialibrary", 
          "flashmovie"
        ], 
        [
          "medialibrary", 
          "movieclip"
        ], 
        [
          "medialibrary", 
          "picture"
        ], 
        [
          "polls", 
          "poll"
        ], 
        [
          "medialibrary", 
          "soundtrack"
        ], 
        [
          "staticpages", 
          "staticpage"
        ], 
        [
          "forum", 
          "topic"
        ]
      ], 
      "notes": "No se sane m\u00e1s nana."
    }
  }, 
  {
    "pk": 2, 
    "model": "cyclope.author", 
    "fields": {
      "origin": "", 
      "name": "Lawrence Lessig", 
      "image": "", 
      "slug": "author", 
      "content_types": [
        [
          "medialibrary", 
          "document"
        ]
      ], 
      "notes": ""
    }
  }, 
  {
    "pk": 7, 
    "model": "cyclope.author", 
    "fields": {
      "origin": "", 
      "name": "Santiago Hoerth Moura", 
      "image": "", 
      "slug": "santiago-hoerth-moura", 
      "content_types": [
        [
          "articles", 
          "article"
        ], 
        [
          "contacts", 
          "contact"
        ], 
        [
          "medialibrary", 
          "document"
        ], 
        [
          "medialibrary", 
          "externalcontent"
        ], 
        [
          "medialibrary", 
          "regularfile"
        ], 
        [
          "medialibrary", 
          "flashmovie"
        ], 
        [
          "medialibrary", 
          "movieclip"
        ], 
        [
          "medialibrary", 
          "picture"
        ], 
        [
          "polls", 
          "poll"
        ], 
        [
          "medialibrary", 
          "soundtrack"
        ], 
        [
          "staticpages", 
          "staticpage"
        ], 
        [
          "forum", 
          "topic"
        ]
      ], 
      "notes": ""
    }
  }, 
  {
    "pk": 1, 
    "model": "collections.collection", 
    "fields": {
      "content_types": [
        [
          "articles", 
          "article"
        ], 
        [
          "medialibrary", 
          "document"
        ], 
        [
          "medialibrary", 
          "externalcontent"
        ], 
        [
          "medialibrary", 
          "regularfile"
        ], 
        [
          "medialibrary", 
          "flashmovie"
        ], 
        [
          "medialibrary", 
          "movieclip"
        ], 
        [
          "medialibrary", 
          "picture"
        ], 
        [
          "medialibrary", 
          "soundtrack"
        ], 
        [
          "staticpages", 
          "staticpage"
        ]
      ], 
      "description": "La Colecci\u00f3n Zonas agrupa los diferentes lugares de publicaci\u00f3n de la portada del sitio. ", 
      "default_list_view": "", 
      "image": "/media/uploads/wp_logo.png", 
      "view_options": "{}", 
      "visible": true, 
      "navigation_root": false, 
      "slug": "zonas", 
      "name": "Zonas"
    }
  }, 
  {
    "pk": 6, 
    "model": "collections.collection", 
    "fields": {
      "content_types": [
        [
          "articles", 
          "article"
        ]
      ], 
      "description": "Hola esta es la descripci\u00f3n.", 
      "default_list_view": "contents", 
      "image": "/media/uploads/images/cyclope.png", 
      "view_options": "{}", 
      "visible": true, 
      "navigation_root": false, 
      "slug": "boletin", 
      "name": "Bolet\u00edn"
    }
  }, 
  {
    "pk": 8, 
    "model": "collections.collection", 
    "fields": {
      "content_types": [
        [
          "articles", 
          "article"
        ], 
        [
          "contacts", 
          "contact"
        ], 
        [
          "medialibrary", 
          "document"
        ], 
        [
          "medialibrary", 
          "externalcontent"
        ], 
        [
          "medialibrary", 
          "regularfile"
        ], 
        [
          "medialibrary", 
          "flashmovie"
        ], 
        [
          "medialibrary", 
          "movieclip"
        ], 
        [
          "medialibrary", 
          "picture"
        ], 
        [
          "polls", 
          "poll"
        ], 
        [
          "medialibrary", 
          "soundtrack"
        ], 
        [
          "staticpages", 
          "staticpage"
        ], 
        [
          "forum", 
          "topic"
        ]
      ], 
      "description": "Aqu\u00ed ir\u00eda una descripci\u00f3n general de la colecci\u00f3n. ", 
      "default_list_view": "", 
      "image": "/media/uploads/images/cyclope.png", 
      "view_options": "{}", 
      "visible": true, 
      "navigation_root": false, 
      "slug": "general", 
      "name": "General"
    }
  }, 
  {
    "pk": 1, 
    "model": "collections.category", 
    "fields": {
      "rght": 2, 
      "description": "Esta categor\u00eda es para clasificar contenidos en la Zona secundaria de la p\u00e1gina principal. ", 
      "parent": null, 
      "level": 0, 
      "image": "/media/uploads/images/cyclope_thumbnail.png", 
      "collection": 1, 
      "lft": 1, 
      "tree_id": 2, 
      "active": true, 
      "slug": "multimedia", 
      "name": "Multimedia"
    }
  }, 
  {
    "pk": 20, 
    "model": "collections.category", 
    "fields": {
      "rght": 2, 
      "description": "Esta categor\u00eda es la que agrupa los contenidos principales en la p\u00e1gina de inicio.", 
      "parent": null, 
      "level": 0, 
      "image": "/media/uploads/images/cyclope.png", 
      "collection": 1, 
      "lft": 1, 
      "tree_id": 1, 
      "active": true, 
      "slug": "noticias", 
      "name": "Noticias"
    }
  }, 
  {
    "pk": 10, 
    "model": "collections.categorization", 
    "fields": {
      "category": 1, 
      "object_id": 1, 
      "content_type": [
        "medialibrary", 
        "document"
      ]
    }
  }, 
  {
    "pk": 12, 
    "model": "collections.categorization", 
    "fields": {
      "category": 1, 
      "object_id": 1, 
      "content_type": [
        "medialibrary", 
        "regularfile"
      ]
    }
  }, 
  {
    "pk": 66, 
    "model": "collections.categorization", 
    "fields": {
      "category": 1, 
      "object_id": 1, 
      "content_type": [
        "medialibrary", 
        "picture"
      ]
    }
  }, 
  {
    "pk": 69, 
    "model": "collections.categorization", 
    "fields": {
      "category": 20, 
      "object_id": 1, 
      "content_type": [
        "medialibrary", 
        "document"
      ]
    }
  }, 
  {
    "pk": 70, 
    "model": "collections.categorization", 
    "fields": {
      "category": 20, 
      "object_id": 1, 
      "content_type": [
        "medialibrary", 
        "regularfile"
      ]
    }
  }, 
  {
    "pk": 73, 
    "model": "collections.categorization", 
    "fields": {
      "category": 20, 
      "object_id": 1, 
      "content_type": [
        "staticpages", 
        "staticpage"
      ]
    }
  }, 
  {
    "pk": 74, 
    "model": "collections.categorization", 
    "fields": {
      "category": 20, 
      "object_id": 1, 
      "content_type": [
        "medialibrary", 
        "picture"
      ]
    }
  }, 
  {
    "pk": 75, 
    "model": "collections.categorization", 
    "fields": {
      "category": 20, 
      "object_id": 1, 
      "content_type": [
        "medialibrary", 
        "movieclip"
      ]
    }
  }, 
  {
    "pk": 76, 
    "model": "collections.categorization", 
    "fields": {
      "category": 20, 
      "object_id": 1, 
      "content_type": [
        "medialibrary", 
        "externalcontent"
      ]
    }
  }, 
  {
    "pk": 77, 
    "model": "collections.categorization", 
    "fields": {
      "category": 20, 
      "object_id": 1, 
      "content_type": [
        "articles", 
        "article"
      ]
    }
  }, 
  {
    "pk": 78, 
    "model": "collections.categorization", 
    "fields": {
      "category": 20, 
      "object_id": 1, 
      "content_type": [
        "medialibrary", 
        "flashmovie"
      ]
    }
  }, 
  {
    "pk": 79, 
    "model": "collections.categorization", 
    "fields": {
      "category": 20, 
      "object_id": 1, 
      "content_type": [
        "medialibrary", 
        "soundtrack"
      ]
    }
  }, 
  {
    "pk": 1, 
    "model": "perms.categorypermission", 
    "fields": {
      "category": 1, 
      "can_edit_content": true, 
      "user": [
        "editor"
      ], 
      "can_add_content": false
    }
  }, 
  {
    "pk": 2, 
    "model": "perms.categorypermission", 
    "fields": {
      "category": 1, 
      "can_edit_content": false, 
      "user": [
        "manager"
      ], 
      "can_add_content": true
    }
  }, 
  {
    "pk": 3, 
    "model": "perms.categorypermission", 
    "fields": {
      "category": 20, 
      "can_edit_content": true, 
      "user": [
        "editor"
      ], 
      "can_add_content": true
    }
  }, 
  {
    "pk": 1, 
    "model": "articles.article", 
    "fields": {
      "allow_comments": "SITE", 
      "name": "Un art\u00edculo Pi", 
      "modification_date": "2012-07-10T16:15:14.298", 
      "author": null, 
      "text": "Lorem ipsum dolor sit amet, consectetur adipiscing elit. Vivamus sit amet risus in neque lobortis viverra et scelerisque dolor. Ut pellentesque pharetra odio, aliquam congue nisl tempus nec. Etiam ullamcorper nisi ut tellus blandit cursus. Suspendisse tristique ullamcorper metus sed luctus. ", 
      "creation_date": "2012-07-10T16:04:17", 
      "source": null, 
      "published": true, 
      "date": null, 
      "summary": "", 
      "slug": "un-articulo-pi", 
      "pretitle": ""
    }
  }, 
  {
    "pk": 1, 
    "model": "staticpages.staticpage", 
    "fields": {
      "allow_comments": "SITE", 
      "name": "Neutrona Theme", 
      "modification_date": "2012-07-10T15:50:31.670", 
      "text": "h2. Te damos la bienvenida al sitio de demostraci\u00f3n de Neutrona Theme para Cyclope 3\r\n\r\np(text). Neutrona es una plantilla \u201cneutra\u201d realizada para \"Cyclope 3(Cyclope 3)\":http://cyclope.codigosur.org en colores grises, para servir de base de trabajo para dise\u00f1os m\u00e1s complejos. Ha sido realizada bajo el framework 960 Grid System (\"www.960.gs(www.960.gs)\":http://www.960.gs) y est\u00e1 totalmente desarrollada con la t\u00e9cnica tableless. Los navegadores basados en est\u00e1ndares web pueden visualizarla de forma correcta. \r\n\r\np(text). La estructura del *Neutrona* est\u00e1 basadas en 4 y 5 elementos para organizar nuestra portada y contenidos. Podemos encontrar 4 regiones generales: Aire, Fuego, Agua y Tierra. El quinto elemento es una regi\u00f3n adicional llamada Amor. \r\n\r\np(text). Neutrona se realiz\u00f3 primeramente para Cyclope 2, y luego se adapt\u00f3 y perfeccion\u00f3 para Cyclope 3, y est\u00e1 liberada bajo licencia GPL.\r\n\r\np(text). Su creador es _Santiago Hoerth Moura_ y han colaborado en su desarrollo _Juan Pablo Su\u00e1rez_, _Nicol\u00e1s Ech\u00e1niz_, _Federico Hoerth_ y _Alicia Viana_.", 
      "creation_date": "2010-09-17T20:22:39", 
      "published": true, 
      "summary": "", 
      "slug": "neutrona-theme"
    }
  }, 
  {
    "pk": 3, 
    "model": "staticpages.staticpage", 
    "fields": {
      "allow_comments": "SITE", 
      "name": "Pie de p\u00e1gina", 
      "modification_date": "2011-06-18T22:25:24", 
      "text": "Puedes modificar este texto desde el Backend en P\u00e1ginas est\u00e1ticas > Modifica p\u00e1gina est\u00e1tica > Pie de p\u00e1gina. ", 
      "creation_date": "2011-06-18T22:14:01", 
      "published": true, 
      "summary": "", 
      "slug": "pie-de-pagina"
    }
  }, 
  {
    "pk": 2, 
    "model": "staticpages.htmlblock", 
    "fields": {
      "text": "<form action=\"http://listas.dominio.org/cgi-bin/mailman/subscribe/nombrelista\" method=\"post\" target=\"blank\"><span class=\"title\">Bolet\u00edn Electr\u00f3nico</span>\r\n<p>Suscribite a nuestro bolet\u00edn electr\u00f3nico de forma gratuita y recib\u00ed en tu correo eletr\u00f3nico las novedades. Ingres\u00e1 tu correo a continuaci\u00f3n: </p>\r\n             <input type=\"Text\" name=\"email\" value=\"\">\r\n             <input type=\"submit\" value=\"ok\" class=\"submit\"/>\r\n<small>Texto m\u00e1s peque\u00f1o que puede editarse/borrarse.</small>\r\n                        </form>", 
      "name": "Suscripci\u00f3n Bolet\u00edn", 
      "slug": "suscripcion-boletin"
    }
  }, 
  {
    "pk": 4, 
    "model": "staticpages.htmlblock", 
    "fields": {
      "text": "<div id=\"rss\">\r\n<a href=\"/rss\">Suscripci\u00f3n RSS</a>\r\n</div>", 
      "name": "Suscripci\u00f3n RSS", 
      "slug": "suscripcion-rss"
    }
  }, 
  {
    "pk": 1, 
    "model": "medialibrary.picture", 
    "fields": {
      "allow_comments": "SITE", 
      "name": "Planeta Neptuno", 
      "modification_date": "2012-07-10T20:46:01.060", 
      "author": null, 
      "image": "/media/uploads/images/pictures/neptuno.jpg", 
      "creation_date": "2012-04-21T15:36:45", 
      "source": null, 
      "published": true, 
      "slug": "planeta-neptuno", 
      "description": "Lorem ipsum dolor sit amet, consectetur adipiscing elit. Nam sed diam non mi porta convallis at sit amet tellus. Nunc sed justo vel nulla elementum dictum. Vivamus sit amet tellus sed nunc consectetur viverra. Maecenas sem enim, euismod eget sollicitudin pharetra, rhoncus quis neque."
    }
  }, 
  {
    "pk": 2, 
    "model": "medialibrary.picture", 
    "fields": {
      "allow_comments": "SITE", 
      "name": "Pi", 
      "modification_date": "2012-07-10T20:45:24.259", 
      "author": null, 
      "image": "/media/uploads/images/pictures/pi-max.jpg", 
      "creation_date": "2012-07-10T16:04:17", 
      "source": null, 
      "published": true, 
      "slug": "pi", 
      "description": ""
    }
  }, 
  {
    "pk": 3, 
    "model": "medialibrary.picture", 
    "fields": {
      "allow_comments": "SITE", 
      "name": "Nueva imagen", 
      "modification_date": "2012-09-13T15:03:15.857", 
      "author": null, 
      "image": "/media/uploads/images/pictures/jupiter.jpg", 
      "creation_date": "2012-09-13T15:02:19", 
      "source": null, 
      "published": true, 
      "slug": "nueva-imagen", 
      "description": "desc"
    }
  }, 
  {
    "pk": 1, 
    "model": "medialibrary.soundtrack", 
    "fields": {
      "allow_comments": "SITE", 
      "name": "Un audio de Radialistas", 
      "modification_date": "2012-07-11T00:05:54.274", 
      "author": null, 
      "image": "/media/uploads/images/medialibrary/shangrila.jpg", 
      "creation_date": "2012-07-10T16:04:17", 
      "source": null, 
      "published": true, 
      "audio": "/media/uploads/soundtrack/footstepsinwater.mp3", 
      "slug": "un-audio-de-radialistas", 
      "description": "Lorem ipsum dolor sit amet, consectetur adipiscing elit. Vivamus sit amet risus in neque lobortis viverra et scelerisque dolor. Ut pellentesque pharetra odio, aliquam congue nisl tempus nec. Etiam ullamcorper nisi ut tellus blandit cursus. Suspendisse tristique ullamcorper metus sed luctus. "
    }
  }, 
  {
    "pk": 1, 
    "model": "medialibrary.movieclip", 
    "fields": {
      "allow_comments": "SITE", 
      "name": "Volver al Futuro", 
      "modification_date": "2012-07-10T21:09:05.923", 
      "author": null, 
      "creation_date": "2012-07-10T13:43:17", 
      "source": null, 
      "video": "/media/uploads/videos/unvideo.flv", 
      "published": true, 
      "still": "/media/uploads/images/medialibrary/back-to-future.jpg", 
      "slug": "volver-al-futuro", 
      "description": "Lorem ipsum dolor sit amet, consectetur adipiscing elit. Vivamus sit amet risus in neque lobortis viverra et scelerisque dolor. Ut pellentesque pharetra odio, aliquam congue nisl tempus nec. Etiam ullamcorper nisi ut tellus blandit cursus. Suspendisse tristique ullamcorper metus sed luctus. "
    }
  }, 
  {
    "pk": 1, 
    "model": "medialibrary.document", 
    "fields": {
      "allow_comments": "SITE", 
      "name": "Cultura Libre", 
      "modification_date": "2012-09-13T18:11:47.964", 
      "author": 2, 
      "image": "/media/uploads/images/medialibrary/creativecommons-800x533.jpg", 
      "creation_date": "2010-09-17T20:22:43", 
      "source": null, 
      "published": true, 
      "document": "/media/uploads/documents/documento.pdf", 
      "slug": "cultura-libre", 
      "description": "*Cultura libre* c\u00f3mo los grandes medios usan la tecnolog\u00eda y las leyes para encerrar la cultura y controlar la creatividad (su t\u00edtulo original en ingl\u00e9s Free Culture), es un ensayo de Lawrence Lessig publicado el 25 de marzo de 2004 en Internet con licencia Creative Commons publicado tambi\u00e9n en papel por la editorial Penguin Books. Trata sobre los excesos de los actuales derechos de autor, la pirater\u00eda y el copyleft."
    }
  }, 
  {
    "pk": 1, 
    "model": "medialibrary.flashmovie", 
    "fields": {
      "allow_comments": "SITE", 
      "name": "Edificios Flash Movie", 
      "modification_date": "2012-07-10T21:23:13.429", 
      "author": null, 
      "image": "/media/uploads/images/medialibrary/the-matrix.jpg", 
      "flash": "/media/uploads/flash/edificios.swf", 
      "creation_date": "2012-07-10T16:04:17", 
      "source": null, 
      "published": true, 
      "slug": "edificios-flash-movie", 
      "description": "Lorem ipsum dolor sit amet, consectetur adipiscing elit. Vivamus sit amet risus in neque lobortis viverra et scelerisque dolor. Ut pellentesque pharetra odio, aliquam congue nisl tempus nec. Etiam ullamcorper nisi ut tellus blandit cursus. Suspendisse tristique ullamcorper metus sed luctus. "
    }
  }, 
  {
    "pk": 1, 
    "model": "medialibrary.regularfile", 
    "fields": {
      "allow_comments": "SITE", 
      "name": "Archivo Stars Wars", 
      "modification_date": "2012-07-10T21:30:46.020", 
      "author": null, 
      "image": "/media/uploads/images/medialibrary/star_wars_3.jpg", 
      "creation_date": "2010-09-17T20:22:40", 
      "source": null, 
      "file": "/media/uploads/regularfiles/archivito/", 
      "published": true, 
      "slug": "archivo-stars-wars", 
      "description": "Lorem ipsum dolor sit amet, consectetur adipiscing elit. Vivamus sit amet risus in neque lobortis viverra et scelerisque dolor. Ut pellentesque pharetra odio, aliquam congue nisl tempus nec. Etiam ullamcorper nisi ut tellus blandit cursus. Suspendisse tristique ullamcorper metus sed luctus. "
    }
  }, 
  {
    "pk": 1, 
    "model": "medialibrary.externalcontent", 
    "fields": {
      "allow_comments": "SITE", 
      "name": "La famosa Wikipedia", 
      "modification_date": "2012-07-10T21:14:54.942", 
      "author": null, 
      "skip_detail": true, 
      "image": "/media/uploads/images/medialibrary/wikipedia_mini_globe_handheld-800x533.jpg", 
      "content_url": "http://wikipedia.com", 
      "creation_date": "2012-07-10T13:43:17", 
      "source": null, 
      "new_window": true, 
      "published": true, 
      "slug": "la-famosa-wikipedia", 
      "description": "Lorem ipsum dolor sit amet, consectetur adipiscing elit. Vivamus sit amet risus in neque lobortis viverra et scelerisque dolor. Ut pellentesque pharetra odio, aliquam congue nisl tempus nec. Etiam ullamcorper nisi ut tellus blandit cursus. Suspendisse tristique ullamcorper metus sed luctus. "
    }
  }, 
  {
    "pk": 1, 
    "model": "polls.poll", 
    "fields": {
      "allow_comments": "SITE", 
      "name": "encuesta de prueba", 
      "modification_date": "2012-06-25T12:44:38.366", 
      "creation_date": "2012-06-25T12:37:28", 
      "published": true, 
      "slug": "encuesta-de-prueba", 
      "description": "esta es una encuesta de prueba"
    }
  }, 
  {
    "pk": 2, 
    "model": "polls.poll", 
    "fields": {
      "allow_comments": "SITE", 
      "name": "otra encuesta de prueba", 
      "modification_date": "2012-06-25T12:47:17.423", 
      "creation_date": "2012-06-25T12:37:28", 
      "published": true, 
      "slug": "otra-encuesta-de-prueba", 
      "description": "esta es otra encuesta de prueba"
    }
  }, 
  {
    "pk": 1, 
    "model": "polls.question", 
    "fields": {
      "allow_multiple_answers": false, 
      "text": "resulta simple?", 
      "poll": 1, 
      "order": 1
    }
  }, 
  {
    "pk": 3, 
    "model": "polls.question", 
    "fields": {
      "allow_multiple_answers": false, 
      "text": "es verde?", 
      "poll": 2, 
      "order": 1
    }
  }, 
  {
    "pk": 2, 
    "model": "polls.question", 
    "fields": {
      "allow_multiple_answers": false, 
      "text": "resulta entretenido?", 
      "poll": 1, 
      "order": 2
    }
  }, 
  {
    "pk": 4, 
    "model": "polls.question", 
    "fields": {
      "allow_multiple_answers": false, 
      "text": "es rojo?", 
      "poll": 2, 
      "order": 2
    }
  }, 
  {
    "pk": 1, 
    "model": "polls.answer", 
    "fields": {
      "text": "si", 
      "question": 1
    }
  }, 
  {
    "pk": 2, 
    "model": "polls.answer", 
    "fields": {
      "text": "no", 
      "question": 1
    }
  }, 
  {
    "pk": 3, 
    "model": "polls.answer", 
    "fields": {
      "text": "m\u00e1s o menos", 
      "question": 1
    }
  }, 
  {
    "pk": 1, 
    "model": "feeds.feed", 
    "fields": {
      "allow_comments": "SITE", 
      "name": "La Vecindaria", 
      "modification_date": "2012-05-31T20:31:43.241", 
      "url": "http://www.lavecindaria.org.ar/rss", 
      "number_of_entries": 10, 
      "creation_date": "2012-05-31T20:29:42", 
      "titles_only": false, 
      "published": true, 
      "summary": "RSS feed de La Vecindaria, un sitio amigo.", 
      "slug": "la-vecindaria"
    }
  }, 
  {
    "pk": 1, 
    "model": "dashboard.dashboardpreferences", 
    "fields": {
      "dashboard_id": "dashboard", 
      "data": "{}", 
      "user": [
        "admin"
      ]
    }
  }, 
  {
    "pk": 4, 
    "model": "dashboard.dashboardpreferences", 
    "fields": {
      "dashboard_id": "forum-dashboard", 
      "data": "{}", 
      "user": [
        "admin"
      ]
    }
  }, 
  {
    "pk": 2, 
    "model": "dashboard.dashboardpreferences", 
    "fields": {
      "dashboard_id": "dashboard", 
      "data": "{}", 
      "user": [
        "manager"
      ]
    }
  }, 
  {
    "pk": 3, 
    "model": "dashboard.dashboardpreferences", 
    "fields": {
      "dashboard_id": "dashboard", 
      "data": "{}", 
      "user": [
        "editor"
      ]
    }
  }, 
  {
    "pk": 1, 
    "model": "sites.site", 
    "fields": {
      "domain": "localhost:8000", 
      "name": "Cyclope Demo"
    }
  }, 
  {
    "pk": 1, 
    "model": "contact_form.contactformsettings", 
    "fields": {
      "instructions": "h1(title). Contacto con nuestra organizaci\u00f3n", 
      "email": "", 
      "recipients": [
        [
          "manager"
        ]
      ], 
      "subject": "Recibido desde el sitio web"
    }
  }
]
