[{"pk": 26, "model": "contenttypes.contenttype", "fields": {"model": "article", "name": "article", "app_label": "articles"}}, {"pk": 27, "model": "contenttypes.contenttype", "fields": {"model": "attachment", "name": "attachment", "app_label": "articles"}}, {"pk": 24, "model": "contenttypes.contenttype", "fields": {"model": "author", "name": "author", "app_label": "articles"}}, {"pk": 13, "model": "contenttypes.contenttype", "fields": {"model": "captchastore", "name": "captcha store", "app_label": "captcha"}}, {"pk": 22, "model": "contenttypes.contenttype", "fields": {"model": "category", "name": "category", "app_label": "collections"}}, {"pk": 23, "model": "contenttypes.contenttype", "fields": {"model": "categorymap", "name": "category map", "app_label": "collections"}}, {"pk": 21, "model": "contenttypes.contenttype", "fields": {"model": "collection", "name": "collection", "app_label": "collections"}}, {"pk": 28, "model": "contenttypes.contenttype", "fields": {"model": "color", "name": "color", "app_label": "shoes"}}, {"pk": 9, "model": "contenttypes.contenttype", "fields": {"model": "comment", "name": "comment", "app_label": "comments"}}, {"pk": 10, "model": "contenttypes.contenttype", "fields": {"model": "commentflag", "name": "comment flag", "app_label": "comments"}}, {"pk": 5, "model": "contenttypes.contenttype", "fields": {"model": "contenttype", "name": "content type", "app_label": "contenttypes"}}, {"pk": 2, "model": "contenttypes.contenttype", "fields": {"model": "group", "name": "group", "app_label": "auth"}}, {"pk": 17, "model": "contenttypes.contenttype", "fields": {"model": "namedimage", "name": "image", "app_label": "cyclope"}}, {"pk": 20, "model": "contenttypes.contenttype", "fields": {"model": "layout", "name": "layout", "app_label": "cyclope"}}, {"pk": 8, "model": "contenttypes.contenttype", "fields": {"model": "logentry", "name": "log entry", "app_label": "admin"}}, {"pk": 15, "model": "contenttypes.contenttype", "fields": {"model": "menu", "name": "menu", "app_label": "cyclope"}}, {"pk": 16, "model": "contenttypes.contenttype", "fields": {"model": "menuitem", "name": "menu item", "app_label": "cyclope"}}, {"pk": 4, "model": "contenttypes.contenttype", "fields": {"model": "message", "name": "message", "app_label": "auth"}}, {"pk": 1, "model": "contenttypes.contenttype", "fields": {"model": "permission", "name": "permission", "app_label": "auth"}}, {"pk": 19, "model": "contenttypes.contenttype", "fields": {"model": "regionview", "name": "region view", "app_label": "cyclope"}}, {"pk": 6, "model": "contenttypes.contenttype", "fields": {"model": "session", "name": "session", "app_label": "sessions"}}, {"pk": 29, "model": "contenttypes.contenttype", "fields": {"model": "shoe", "name": "shoe", "app_label": "shoes"}}, {"pk": 7, "model": "contenttypes.contenttype", "fields": {"model": "site", "name": "site", "app_label": "sites"}}, {"pk": 14, "model": "contenttypes.contenttype", "fields": {"model": "sitesettings", "name": "site settings", "app_label": "cyclope"}}, {"pk": 25, "model": "contenttypes.contenttype", "fields": {"model": "source", "name": "source", "app_label": "articles"}}, {"pk": 18, "model": "contenttypes.contenttype", "fields": {"model": "staticpage", "name": "static page", "app_label": "cyclope"}}, {"pk": 11, "model": "contenttypes.contenttype", "fields": {"model": "tag", "name": "tag", "app_label": "tagging"}}, {"pk": 12, "model": "contenttypes.contenttype", "fields": {"model": "taggeditem", "name": "tagged item", "app_label": "tagging"}}, {"pk": 3, "model": "contenttypes.contenttype", "fields": {"model": "user", "name": "user", "app_label": "auth"}}, {"pk": "e66e67671b49ed1ecba867b5883ecb1f", "model": "sessions.session", "fields": {"expire_date": "2010-05-18 15:20:18", "session_data": "gAJ9cQEoVRJfYXV0aF91c2VyX2JhY2tlbmRxAlUpZGphbmdvLmNvbnRyaWIuYXV0aC5iYWNrZW5k\ncy5Nb2RlbEJhY2tlbmRxA1UNX2F1dGhfdXNlcl9pZHEESwF1LmFkMjJiMDkxYjVmNTNmOTkwNmZk\nNDkzNGFhNTU3NjNm\n"}}, {"pk": 1, "model": "sites.site", "fields": {"domain": "localhost:8000", "name": "cyclope_demo"}}, {"pk": 73, "model": "admin.logentry", "fields": {"action_flag": 2, "action_time": "2010-05-05 21:33:40", "object_repr": "Novedades", "object_id": "3", "change_message": "Modificado/a layout.", "user": 1, "content_type": 16}}, {"pk": 72, "model": "admin.logentry", "fields": {"action_flag": 2, "action_time": "2010-05-05 20:18:10", "object_repr": "Art\u00edculos", "object_id": "1", "change_message": "Modificado/a is_navigation_root.", "user": 1, "content_type": 21}}, {"pk": 71, "model": "admin.logentry", "fields": {"action_flag": 2, "action_time": "2010-05-05 18:36:03", "object_repr": "inicio", "object_id": "2", "change_message": "Modificados weight para \"shoe/list\" region view.", "user": 1, "content_type": 20}}, {"pk": 70, "model": "admin.logentry", "fields": {"action_flag": 2, "action_time": "2010-05-05 17:47:38", "object_repr": "inicio", "object_id": "2", "change_message": "A\u00f1adido/a \"category/teaser_list\" region view.", "user": 1, "content_type": 20}}, {"pk": 69, "model": "admin.logentry", "fields": {"action_flag": 2, "action_time": "2010-05-05 17:10:53", "object_repr": "Novedades", "object_id": "3", "change_message": "Modificado/a content_type y object_id.", "user": 1, "content_type": 16}}, {"pk": 68, "model": "admin.logentry", "fields": {"action_flag": 2, "action_time": "2010-05-05 17:10:28", "object_repr": "Novedades", "object_id": "3", "change_message": "Modificado/a content_type y object_id.", "user": 1, "content_type": 16}}, {"pk": 67, "model": "admin.logentry", "fields": {"action_flag": 2, "action_time": "2010-05-05 17:09:34", "object_repr": "Novedades", "object_id": "3", "change_message": "Modificado/a object_id.", "user": 1, "content_type": 16}}, {"pk": 66, "model": "admin.logentry", "fields": {"action_flag": 2, "action_time": "2010-05-05 17:09:28", "object_repr": "Novedades", "object_id": "3", "change_message": "Modificado/a content_type.", "user": 1, "content_type": 16}}, {"pk": 65, "model": "admin.logentry", "fields": {"action_flag": 2, "action_time": "2010-05-05 17:01:31", "object_repr": "Novedades", "object_id": "3", "change_message": "Modificado/a layout.", "user": 1, "content_type": 16}}, {"pk": 64, "model": "admin.logentry", "fields": {"action_flag": 2, "action_time": "2010-05-05 17:01:08", "object_repr": "Novedades", "object_id": "3", "change_message": "Modificado/a object_id.", "user": 1, "content_type": 16}}, {"pk": 63, "model": "admin.logentry", "fields": {"action_flag": 2, "action_time": "2010-05-05 17:00:17", "object_repr": "Novedades", "object_id": "3", "change_message": "Modificado/a content_type.", "user": 1, "content_type": 16}}, {"pk": 62, "model": "admin.logentry", "fields": {"action_flag": 2, "action_time": "2010-05-04 19:36:03", "object_repr": "Feria imaginaria", "object_id": "1", "change_message": "A\u00f1adido/a \"Feria imaginaria\" imagen.", "user": 1, "content_type": 26}}, {"pk": 61, "model": "admin.logentry", "fields": {"action_flag": 2, "action_time": "2010-05-04 19:35:32", "object_repr": "Feria imaginaria", "object_id": "1", "change_message": "Eliminado/a \"Feria imaginaria\" imagen.", "user": 1, "content_type": 26}}, {"pk": 60, "model": "admin.logentry", "fields": {"action_flag": 2, "action_time": "2010-05-04 19:25:44", "object_repr": "Feria imaginaria", "object_id": "1", "change_message": "Modificado/a tags.", "user": 1, "content_type": 26}}, {"pk": 59, "model": "admin.logentry", "fields": {"action_flag": 2, "action_time": "2010-05-04 19:25:28", "object_repr": "P\u00e1gina web", "object_id": "3", "change_message": "Modificado/a tags.", "user": 1, "content_type": 26}}, {"pk": 58, "model": "admin.logentry", "fields": {"action_flag": 2, "action_time": "2010-05-04 19:18:02", "object_repr": "P\u00e1gina web", "object_id": "3", "change_message": "Modificado/a tags.", "user": 1, "content_type": 26}}, {"pk": 57, "model": "admin.logentry", "fields": {"action_flag": 2, "action_time": "2010-05-04 19:10:42", "object_repr": "inicio", "object_id": "2", "change_message": "Eliminado/a \"article/teaser_list\" region view.", "user": 1, "content_type": 20}}, {"pk": 56, "model": "admin.logentry", "fields": {"action_flag": 2, "action_time": "2010-05-04 19:10:24", "object_repr": "Inicio", "object_id": "1", "change_message": "Modificado/a text.", "user": 1, "content_type": 18}}, {"pk": 55, "model": "admin.logentry", "fields": {"action_flag": 2, "action_time": "2010-05-04 19:10:08", "object_repr": "Inicio", "object_id": "1", "change_message": "Modificado/a text.", "user": 1, "content_type": 18}}, {"pk": 54, "model": "admin.logentry", "fields": {"action_flag": 2, "action_time": "2010-05-04 19:09:47", "object_repr": "Inicio", "object_id": "1", "change_message": "No ha cambiado ning\u00fan campo.", "user": 1, "content_type": 18}}, {"pk": 53, "model": "admin.logentry", "fields": {"action_flag": 2, "action_time": "2010-05-04 19:09:17", "object_repr": "Inicio", "object_id": "1", "change_message": "No ha cambiado ning\u00fan campo.", "user": 1, "content_type": 18}}, {"pk": 52, "model": "admin.logentry", "fields": {"action_flag": 2, "action_time": "2010-05-04 19:08:17", "object_repr": "inicio", "object_id": "2", "change_message": "Modificados object_id para \"collection/categories_hierarchy\" region view.", "user": 1, "content_type": 20}}, {"pk": 51, "model": "admin.logentry", "fields": {"action_flag": 2, "action_time": "2010-05-04 19:08:02", "object_repr": "default", "object_id": "1", "change_message": "Modificados object_id para \"collection/categories_hierarchy\" region view.", "user": 1, "content_type": 20}}, {"pk": 50, "model": "admin.logentry", "fields": {"action_flag": 2, "action_time": "2010-05-04 19:07:41", "object_repr": "inicio", "object_id": "2", "change_message": "Modificados object_id para \"collection/categories_hierarchy\" region view.", "user": 1, "content_type": 20}}, {"pk": 49, "model": "admin.logentry", "fields": {"action_flag": 2, "action_time": "2010-05-04 19:07:00", "object_repr": "inicio", "object_id": "2", "change_message": "No ha cambiado ning\u00fan campo.", "user": 1, "content_type": 20}}, {"pk": 48, "model": "admin.logentry", "fields": {"action_flag": 2, "action_time": "2010-05-04 19:04:44", "object_repr": "inicio", "object_id": "2", "change_message": "Modificados object_id para \"article/teaser_list\" region view.", "user": 1, "content_type": 20}}, {"pk": 47, "model": "admin.logentry", "fields": {"action_flag": 2, "action_time": "2010-05-04 19:04:00", "object_repr": "default", "object_id": "1", "change_message": "Modificados content_type y content_view para \"collection/categories_hierarchy\" region view.", "user": 1, "content_type": 20}}, {"pk": 46, "model": "admin.logentry", "fields": {"action_flag": 2, "action_time": "2010-05-04 19:02:31", "object_repr": "inicio", "object_id": "2", "change_message": "Modificados content_type para \"article/teaser_list\" region view.", "user": 1, "content_type": 20}}, {"pk": 45, "model": "admin.logentry", "fields": {"action_flag": 2, "action_time": "2010-05-04 19:02:12", "object_repr": "default", "object_id": "1", "change_message": "Modificados content_type, content_view y object_id para \"article/teaser_list\" region view.", "user": 1, "content_type": 20}}, {"pk": 44, "model": "admin.logentry", "fields": {"action_flag": 2, "action_time": "2010-05-04 19:01:18", "object_repr": "inicio", "object_id": "2", "change_message": "A\u00f1adido/a \"category/teaser_list\" region view.", "user": 1, "content_type": 20}}, {"pk": 43, "model": "admin.logentry", "fields": {"action_flag": 2, "action_time": "2010-05-04 19:00:02", "object_repr": "Zapatos", "object_id": "2", "change_message": "Modificado/a layout.", "user": 1, "content_type": 16}}, {"pk": 42, "model": "admin.logentry", "fields": {"action_flag": 2, "action_time": "2010-05-04 18:59:56", "object_repr": "Novedades", "object_id": "3", "change_message": "Modificado/a layout.", "user": 1, "content_type": 16}}, {"pk": 41, "model": "admin.logentry", "fields": {"action_flag": 2, "action_time": "2010-05-04 18:59:49", "object_repr": "Zapatos", "object_id": "2", "change_message": "Modificado/a content_type, content_view y object_id.", "user": 1, "content_type": 16}}, {"pk": 40, "model": "admin.logentry", "fields": {"action_flag": 2, "action_time": "2010-05-04 18:59:01", "object_repr": "Zapatos", "object_id": "2", "change_message": "Modificado/a content_type y content_view.", "user": 1, "content_type": 16}}, {"pk": 39, "model": "admin.logentry", "fields": {"action_flag": 2, "action_time": "2010-05-04 18:58:23", "object_repr": "Zapatos", "object_id": "2", "change_message": "Modificado/a content_type, content_view y object_id.", "user": 1, "content_type": 16}}, {"pk": 38, "model": "admin.logentry", "fields": {"action_flag": 2, "action_time": "2010-05-04 18:57:01", "object_repr": "Zapatos", "object_id": "2", "change_message": "Modificado/a layout.", "user": 1, "content_type": 16}}, {"pk": 37, "model": "admin.logentry", "fields": {"action_flag": 2, "action_time": "2010-05-04 18:56:47", "object_repr": "Novedades", "object_id": "3", "change_message": "No ha cambiado ning\u00fan campo.", "user": 1, "content_type": 16}}, {"pk": 36, "model": "admin.logentry", "fields": {"action_flag": 2, "action_time": "2010-05-04 18:56:30", "object_repr": "Novedades", "object_id": "3", "change_message": "Modificado/a layout.", "user": 1, "content_type": 16}}, {"pk": 35, "model": "admin.logentry", "fields": {"action_flag": 1, "action_time": "2010-05-04 18:55:15", "object_repr": "Novedades", "object_id": "3", "change_message": "", "user": 1, "content_type": 16}}, {"pk": 34, "model": "admin.logentry", "fields": {"action_flag": 1, "action_time": "2010-05-04 18:53:58", "object_repr": "P\u00e1gina web", "object_id": "3", "change_message": "", "user": 1, "content_type": 26}}, {"pk": 33, "model": "admin.logentry", "fields": {"action_flag": 2, "action_time": "2010-05-04 18:52:48", "object_repr": "Feria!", "object_id": "2", "change_message": "A\u00f1adido/a \"Art\u00edculos: Novedades\" mapeo de categor\u00eda.", "user": 1, "content_type": 26}}, {"pk": 32, "model": "admin.logentry", "fields": {"action_flag": 2, "action_time": "2010-05-04 18:52:29", "object_repr": "Feria!", "object_id": "2", "change_message": "Modificados category para \"Art\u00edculos: Oportunidades\" mapeo de categor\u00eda.", "user": 1, "content_type": 26}}, {"pk": 31, "model": "admin.logentry", "fields": {"action_flag": 1, "action_time": "2010-05-04 18:52:14", "object_repr": "Oportunidades", "object_id": "2", "change_message": "", "user": 1, "content_type": 22}}, {"pk": 30, "model": "admin.logentry", "fields": {"action_flag": 1, "action_time": "2010-05-04 18:50:01", "object_repr": "Feria!", "object_id": "2", "change_message": "", "user": 1, "content_type": 26}}, {"pk": 29, "model": "admin.logentry", "fields": {"action_flag": 2, "action_time": "2010-05-04 18:44:53", "object_repr": "default", "object_id": "1", "change_message": "A\u00f1adido/a \"collection/categories_hierarchy\" region view.", "user": 1, "content_type": 20}}, {"pk": 28, "model": "admin.logentry", "fields": {"action_flag": 2, "action_time": "2010-05-04 18:43:53", "object_repr": "Feria imaginaria", "object_id": "1", "change_message": "A\u00f1adido/a \"Feria imaginaria\" imagen.", "user": 1, "content_type": 26}}, {"pk": 27, "model": "admin.logentry", "fields": {"action_flag": 2, "action_time": "2010-05-04 18:43:23", "object_repr": "Feria imaginaria", "object_id": "1", "change_message": "Eliminado/a \"Feria imaginaria\" imagen.", "user": 1, "content_type": 26}}, {"pk": 26, "model": "admin.logentry", "fields": {"action_flag": 2, "action_time": "2010-05-04 15:44:06", "object_repr": "Zapatos", "object_id": "2", "change_message": "No ha cambiado ning\u00fan campo.", "user": 1, "content_type": 16}}, {"pk": 25, "model": "admin.logentry", "fields": {"action_flag": 2, "action_time": "2010-05-04 15:43:12", "object_repr": "Inicio", "object_id": "1", "change_message": "No ha cambiado ning\u00fan campo.", "user": 1, "content_type": 16}}, {"pk": 24, "model": "admin.logentry", "fields": {"action_flag": 1, "action_time": "2010-05-04 15:37:34", "object_repr": "Zapatos", "object_id": "2", "change_message": "", "user": 1, "content_type": 16}}, {"pk": 23, "model": "admin.logentry", "fields": {"action_flag": 2, "action_time": "2010-05-04 15:36:57", "object_repr": "Inicio", "object_id": "1", "change_message": "Modificado/a text.", "user": 1, "content_type": 18}}, {"pk": 22, "model": "admin.logentry", "fields": {"action_flag": 2, "action_time": "2010-05-04 15:36:19", "object_repr": "inicio", "object_id": "2", "change_message": "A\u00f1adido/a \"collection/categories_hierarchy\" region view.", "user": 1, "content_type": 20}}, {"pk": 21, "model": "admin.logentry", "fields": {"action_flag": 2, "action_time": "2010-05-04 15:35:36", "object_repr": "Inicio", "object_id": "1", "change_message": "Modificado/a layout.", "user": 1, "content_type": 16}}, {"pk": 20, "model": "admin.logentry", "fields": {"action_flag": 2, "action_time": "2010-05-04 15:35:23", "object_repr": "inicio", "object_id": "2", "change_message": "A\u00f1adido/a \"shoe/list\" region view.", "user": 1, "content_type": 20}}, {"pk": 19, "model": "admin.logentry", "fields": {"action_flag": 1, "action_time": "2010-05-04 15:35:12", "object_repr": "inicio", "object_id": "2", "change_message": "", "user": 1, "content_type": 20}}, {"pk": 18, "model": "admin.logentry", "fields": {"action_flag": 2, "action_time": "2010-05-04 15:34:15", "object_repr": "Principal", "object_id": "1", "change_message": "Modificado/a name.", "user": 1, "content_type": 15}}, {"pk": 17, "model": "admin.logentry", "fields": {"action_flag": 2, "action_time": "2010-05-04 15:34:06", "object_repr": "default", "object_id": "1", "change_message": "A\u00f1adido/a \"menu/root_items_list\" region view.", "user": 1, "content_type": 20}}, {"pk": 16, "model": "admin.logentry", "fields": {"action_flag": 1, "action_time": "2010-05-04 15:33:41", "object_repr": "Inicio", "object_id": "1", "change_message": "", "user": 1, "content_type": 18}}, {"pk": 15, "model": "admin.logentry", "fields": {"action_flag": 2, "action_time": "2010-05-04 15:31:20", "object_repr": "Inicio", "object_id": "1", "change_message": "Modificado/a name.", "user": 1, "content_type": 16}}, {"pk": 14, "model": "admin.logentry", "fields": {"action_flag": 2, "action_time": "2010-05-04 15:30:50", "object_repr": "Feria imaginaria", "object_id": "1", "change_message": "A\u00f1adido/a \"Art\u00edculos: Novedades\" mapeo de categor\u00eda.", "user": 1, "content_type": 26}}, {"pk": 13, "model": "admin.logentry", "fields": {"action_flag": 1, "action_time": "2010-05-04 15:30:40", "object_repr": "Novedades", "object_id": "1", "change_message": "", "user": 1, "content_type": 22}}, {"pk": 12, "model": "admin.logentry", "fields": {"action_flag": 1, "action_time": "2010-05-04 15:30:28", "object_repr": "Art\u00edculos", "object_id": "1", "change_message": "", "user": 1, "content_type": 21}}, {"pk": 11, "model": "admin.logentry", "fields": {"action_flag": 1, "action_time": "2010-05-04 15:29:56", "object_repr": "Feria imaginaria", "object_id": "1", "change_message": "", "user": 1, "content_type": 26}}, {"pk": 10, "model": "admin.logentry", "fields": {"action_flag": 1, "action_time": "2010-05-04 15:28:20", "object_repr": "sitio de gaby roca", "object_id": "1", "change_message": "", "user": 1, "content_type": 25}}, {"pk": 9, "model": "admin.logentry", "fields": {"action_flag": 1, "action_time": "2010-05-04 15:28:01", "object_repr": "gaby roca", "object_id": "1", "change_message": "", "user": 1, "content_type": 24}}, {"pk": 8, "model": "admin.logentry", "fields": {"action_flag": 2, "action_time": "2010-05-04 15:25:16", "object_repr": "Zapatito Cordelia", "object_id": "3", "change_message": "Modificado/a material, sole, heel y colors.", "user": 1, "content_type": 29}}, {"pk": 7, "model": "admin.logentry", "fields": {"action_flag": 1, "action_time": "2010-05-04 15:25:14", "object_repr": "negro", "object_id": "4", "change_message": "", "user": 1, "content_type": 28}}, {"pk": 6, "model": "admin.logentry", "fields": {"action_flag": 1, "action_time": "2010-05-04 15:24:41", "object_repr": "Zapatito Cordelia", "object_id": "3", "change_message": "", "user": 1, "content_type": 29}}, {"pk": 5, "model": "admin.logentry", "fields": {"action_flag": 1, "action_time": "2010-05-04 15:24:07", "object_repr": "Acordonado Francisca", "object_id": "2", "change_message": "", "user": 1, "content_type": 29}}, {"pk": 4, "model": "admin.logentry", "fields": {"action_flag": 1, "action_time": "2010-05-04 15:24:02", "object_repr": "rojo", "object_id": "3", "change_message": "", "user": 1, "content_type": 28}}, {"pk": 3, "model": "admin.logentry", "fields": {"action_flag": 1, "action_time": "2010-05-04 15:22:54", "object_repr": "Mocas\u00edn Pepa", "object_id": "1", "change_message": "", "user": 1, "content_type": 29}}, {"pk": 2, "model": "admin.logentry", "fields": {"action_flag": 1, "action_time": "2010-05-04 15:22:48", "object_repr": "blanco", "object_id": "2", "change_message": "", "user": 1, "content_type": 28}}, {"pk": 1, "model": "admin.logentry", "fields": {"action_flag": 1, "action_time": "2010-05-04 15:22:42", "object_repr": "rosa", "object_id": "1", "change_message": "", "user": 1, "content_type": 28}}, {"pk": 1, "model": "comments.comment", "fields": {"comment": "Qu\u00e9 interesante feria", "user_url": "http://www.nicoechaniz.com.ar/", "submit_date": "2010-05-04 18:50:45", "ip_address": "127.0.0.1", "object_pk": "2", "site": 1, "is_removed": false, "user": 1, "content_type": 26, "is_public": true, "user_name": "nico", "user_email": "nico@rakar.com"}}, {"pk": 4, "model": "tagging.tag", "fields": {"name": "comunicaci\u00f3n"}}, {"pk": 2, "model": "tagging.tag", "fields": {"name": "elegante"}}, {"pk": 3, "model": "tagging.tag", "fields": {"name": "importante"}}, {"pk": 1, "model": "tagging.tag", "fields": {"name": "mujer"}}, {"pk": 1, "model": "tagging.taggeditem", "fields": {"tag": 1, "object_id": 1, "content_type": 29}}, {"pk": 2, "model": "tagging.taggeditem", "fields": {"tag": 1, "object_id": 2, "content_type": 29}}, {"pk": 3, "model": "tagging.taggeditem", "fields": {"tag": 2, "object_id": 3, "content_type": 29}}, {"pk": 4, "model": "tagging.taggeditem", "fields": {"tag": 1, "object_id": 3, "content_type": 29}}, {"pk": 5, "model": "tagging.taggeditem", "fields": {"tag": 3, "object_id": 2, "content_type": 26}}, {"pk": 6, "model": "tagging.taggeditem", "fields": {"tag": 4, "object_id": 3, "content_type": 26}}, {"pk": 7, "model": "tagging.taggeditem", "fields": {"tag": 3, "object_id": 3, "content_type": 26}}, {"pk": 8, "model": "tagging.taggeditem", "fields": {"tag": 3, "object_id": 1, "content_type": 26}}, {"pk": 1, "model": "captcha.captchastore", "fields": {"challenge": "GBOT", "hashkey": "6264ed8b74a968c813cc4a0c753fdf13fe27f3a6", "response": "gbot", "expiration": "2010-05-04 18:55:55"}}, {"pk": 2, "model": "captcha.captchastore", "fields": {"challenge": "RUUF", "hashkey": "03fa92a987f615dc8bcb15bc7b4a5a13499f2b7b", "response": "ruuf", "expiration": "2010-05-04 18:56:37"}}, {"pk": 3, "model": "captcha.captchastore", "fields": {"challenge": "HQNE", "hashkey": "0ab33e64fc6490fc92ff333cdaa7e99ad1a1b402", "response": "hqne", "expiration": "2010-05-04 18:59:07"}}, {"pk": 4, "model": "captcha.captchastore", "fields": {"challenge": "LENY", "hashkey": "997a972b61f02a7e0733f11f49895bc85c487eaf", "response": "leny", "expiration": "2010-05-04 19:03:26"}}, {"pk": 5, "model": "captcha.captchastore", "fields": {"challenge": "LCFL", "hashkey": "2eb563eb7d9091361796383cf0879c1284f8832d", "response": "lcfl", "expiration": "2010-05-04 19:03:30"}}, {"pk": 6, "model": "captcha.captchastore", "fields": {"challenge": "XYJP", "hashkey": "d4915580e2a2f50f926977b2a4462ffd9b235011", "response": "xyjp", "expiration": "2010-05-04 19:15:55"}}, {"pk": 7, "model": "captcha.captchastore", "fields": {"challenge": "DWTT", "hashkey": "2cd77fb028cde35f4d3ccdd3bdaaa5ca2c09580c", "response": "dwtt", "expiration": "2010-05-04 19:16:53"}}, {"pk": 8, "model": "captcha.captchastore", "fields": {"challenge": "MEBL", "hashkey": "c5f18a8d9121c0970216e81889bf0fa44553eb52", "response": "mebl", "expiration": "2010-05-04 19:41:11"}}, {"pk": 9, "model": "captcha.captchastore", "fields": {"challenge": "AIUY", "hashkey": "fd8be731a9787342637af33925af5e025079e061", "response": "aiuy", "expiration": "2010-05-04 19:42:29"}}, {"pk": 10, "model": "captcha.captchastore", "fields": {"challenge": "POHH", "hashkey": "23e2b822c45d859d8903835946d98f38143e5b5f", "response": "pohh", "expiration": "2010-05-04 19:51:19"}}, {"pk": 11, "model": "captcha.captchastore", "fields": {"challenge": "OXJM", "hashkey": "395f236f4d2600e920b76b4efa6beb39f8afcd9a", "response": "oxjm", "expiration": "2010-05-05 16:52:40"}}, {"pk": 12, "model": "captcha.captchastore", "fields": {"challenge": "LSUM", "hashkey": "a4a2477831b280d7ad1f467c70b6142395254168", "response": "lsum", "expiration": "2010-05-05 18:40:40"}}, {"pk": 13, "model": "captcha.captchastore", "fields": {"challenge": "ZEAI", "hashkey": "8dc4df09e979c1946cb52e8af2594fb763c5ad26", "response": "zeai", "expiration": "2010-05-05 18:42:57"}}, {"pk": 14, "model": "captcha.captchastore", "fields": {"challenge": "QEOV", "hashkey": "0f1cc61991732bef2f5df7e0d8f162129846cdfd", "response": "qeov", "expiration": "2010-05-05 18:43:05"}}, {"pk": 15, "model": "captcha.captchastore", "fields": {"challenge": "XKBR", "hashkey": "26377a56385153676aa7089e764e1f602a7a812b", "response": "xkbr", "expiration": "2010-05-05 19:54:42"}}, {"pk": 16, "model": "captcha.captchastore", "fields": {"challenge": "RETS", "hashkey": "b0d3afc08ecc3d0297155ca1e3c597eabf6021e0", "response": "rets", "expiration": "2010-05-05 20:25:29"}}, {"pk": 17, "model": "captcha.captchastore", "fields": {"challenge": "SFXW", "hashkey": "a303af10d9a989e68c5865a8a991cb0a86e754e9", "response": "sfxw", "expiration": "2010-05-05 21:41:48"}}, {"pk": 1, "model": "cyclope.sitesettings", "fields": {"allow_comments": "YES", "description": "", "global_title": "Cyclope Demo", "site": 1, "theme": "neutrona", "keywords": "", "default_layout": 1}}, {"pk": 1, "model": "cyclope.menu", "fields": {"main_menu": true, "name": "Principal", "slug": "principal"}}, {"pk": 1, "model": "cyclope.menuitem", "fields": {"site_home": true, "rght": 2, "layout": 2, "name": "Inicio", "parent": null, "level": 0, "url": "inicio", "menu": 1, "tree_id": 1, "custom_url": "", "object_id": 1, "lft": 1, "content_type": 18, "content_view": "detail", "active": true, "slug": "inicio"}}, {"pk": 2, "model": "cyclope.menuitem", "fields": {"site_home": false, "rght": 2, "layout": 1, "name": "Zapatos", "parent": null, "level": 0, "url": "zapatos", "menu": 1, "tree_id": 2, "custom_url": "", "object_id": null, "lft": 1, "content_type": 29, "content_view": "list", "active": true, "slug": "zapatos"}}, {"pk": 3, "model": "cyclope.menuitem", "fields": {"site_home": false, "rght": 2, "layout": 1, "name": "Novedades", "parent": null, "level": 0, "url": "novedades", "menu": 1, "tree_id": 3, "custom_url": "", "object_id": 1, "lft": 1, "content_type": 22, "content_view": "teaser_list", "active": true, "slug": "novedades"}}, {"pk": 1, "model": "cyclope.namedimage", "fields": {"original_image": "uploads/images/feria-diciembre-09.jpg", "name": "Feria imaginaria", "tags": "", "num_views": 5, "object_id": 1, "content_type": 26, "slug": "feria-imaginaria"}}, {"pk": 1, "model": "cyclope.staticpage", "fields": {"text": "<p>Los zapatos Gaby Roca nacen&#160;<br />pensados para una mujer&#160;<br />pr\u00e1ctica, abierta y \u00e1gil&#160;<br />a la que le interesa&#160;<br />el dise\u00f1o y el confort.<br /><br />Est\u00e1n elaborados artesanalmente&#160;<br />por maestros de oficio&#160;<br />en cada uno de sus pasos,&#160;<br />sin intervenci\u00f3n de m\u00e1quinas&#160;<br />de producci\u00f3n en serie.&#160;<br /><br />Por eso son \u00fanicos, para mujeres \u00fanicas.&#160;</p>", "tags": "", "summary": "", "name": "Inicio", "slug": "inicio"}}, {"pk": 1, "model": "cyclope.regionview", "fields": {"layout": 1, "weight": 0, "content_view": "root_items_list", "region": "header", "object_id": 1, "content_type": 15}}, {"pk": 2, "model": "cyclope.regionview", "fields": {"layout": 2, "weight": 0, "content_view": "root_items_list", "region": "header", "object_id": 1, "content_type": 15}}, {"pk": 3, "model": "cyclope.regionview", "fields": {"layout": 2, "weight": 1, "content_view": "list", "region": "right_sidebar", "object_id": null, "content_type": 29}}, {"pk": 4, "model": "cyclope.regionview", "fields": {"layout": 2, "weight": 0, "content_view": "categories_hierarchy", "region": "left_sidebar", "object_id": 1, "content_type": 21}}, {"pk": 5, "model": "cyclope.regionview", "fields": {"layout": 1, "weight": 0, "content_view": "categories_hierarchy", "region": "left_sidebar", "object_id": 1, "content_type": 21}}, {"pk": 6, "model": "cyclope.regionview", "fields": {"layout": 2, "weight": 0, "content_view": "teaser_list", "region": "right_sidebar", "object_id": 1, "content_type": 22}}, {"pk": 1, "model": "cyclope.layout", "fields": {"name": "default", "template": "one_sidebar.html", "slug": "default"}}, {"pk": 2, "model": "cyclope.layout", "fields": {"name": "inicio", "template": "two_sidebars.html", "slug": "inicio"}}, {"pk": 1, "model": "collections.collection", "fields": {"content_types": [26], "name": "Art\u00edculos", "visible": true, "slug": "articulos"}}, {"pk": 1, "model": "collections.category", "fields": {"rght": 4, "description": "", "parent": null, "level": 0, "collection": 1, "lft": 1, "tree_id": 1, "active": true, "slug": "novedades", "name": "Novedades"}}, {"pk": 2, "model": "collections.category", "fields": {"rght": 3, "description": "", "parent": 1, "level": 1, "collection": 1, "lft": 2, "tree_id": 1, "active": true, "slug": "oportunidades", "name": "Oportunidades"}}, {"pk": 1, "model": "collections.categorymap", "fields": {"category": 1, "object_id": 1, "content_type": 26}}, {"pk": 2, "model": "collections.categorymap", "fields": {"category": 2, "object_id": 2, "content_type": 26}}, {"pk": 3, "model": "collections.categorymap", "fields": {"category": 1, "object_id": 2, "content_type": 26}}, {"pk": 4, "model": "collections.categorymap", "fields": {"category": 1, "object_id": 3, "content_type": 26}}, {"pk": 1, "model": "articles.author", "fields": {"country": "argentina", "notes": "perd\u00f3n SAn por este hurto de identidad!", "name": "gaby roca", "slug": "gaby-roca"}}, {"pk": 1, "model": "articles.source", "fields": {"link": "http://www.gabyroca.com.ar/news/", "name": "sitio de gaby roca", "slug": "sitio-de-gaby-roca"}}, {"pk": 1, "model": "articles.article", "fields": {"allow_comments": "SITE", "name": "Feria imaginaria", "tags": "importante, ", "text": "<p>Ven\u00ed a buscar un regalo especial para alguien especial. Un espacio de intercambio donde pod\u00e9s encontrar objetos de dise\u00f1o sin intermediarios. En la locura de fin de a\u00f1o, hagamos una pausa para elegir algo \u00fanico. Cada objeto contiene el amor y el oficio de su artesano y el cari\u00f1o y la dedicaci\u00f3n al elegirlo lo convierten en el regalo ideal.</p>", "author": 1, "summary": "\u00daltima oporunidad del a\u00f1o para conseguir tus zapatitos Gaby Roca!", "source": 1, "date": "2009-12-14 21:30:00", "creation_date": "2010-05-04 15:29:56", "slug": "feria-imaginaria", "pretitle": ""}}, {"pk": 2, "model": "articles.article", "fields": {"allow_comments": "SITE", "name": "Feria!", "tags": "importante", "text": "<h2><img src=\"http://www.gabyroca.com.ar/wp-content/uploads/2009/09/feria-en-la-margarita-3-y-4-de-octubre-300x200.jpg\" title=\"margarita\" alt=\"margarita\" /></h2><p><a href=\"http://www.espaciolamargarita.blogspot.com/\">http://www.espaciolamargarita.blogspot.com/</a></p>&#160;", "author": 1, "summary": "Chusme\u00e1, probate y llevate algunos de los zapatitos Gaby Roca este finde en\u2026", "source": null, "date": "2009-10-03 14:00:00", "creation_date": "2010-05-04 18:50:01", "slug": "feria", "pretitle": ""}}, {"pk": 3, "model": "articles.article", "fields": {"allow_comments": "SITE", "name": "P\u00e1gina web", "tags": "comunicaci\u00f3n, importante, ", "text": "<p>Ya est\u00e1 en l\u00ednea nuestra p\u00e1gina.</p>", "author": 1, "summary": "Lanzamos nuestra p\u00e1gina web!", "source": null, "date": null, "creation_date": "2010-05-04 18:53:58", "slug": "pagina-web", "pretitle": ""}}, {"pk": 1, "model": "shoes.color", "fields": {"tags": "", "name": "rosa", "slug": "rosa"}}, {"pk": 2, "model": "shoes.color", "fields": {"tags": "", "name": "blanco", "slug": "blanco"}}, {"pk": 3, "model": "shoes.color", "fields": {"tags": "", "name": "rojo", "slug": "rojo"}}, {"pk": 4, "model": "shoes.color", "fields": {"tags": "", "name": "negro", "slug": "negro"}}, {"pk": 1, "model": "shoes.shoe", "fields": {"cut": "cuero vacuno", "name": "Mocas\u00edn Pepa", "tags": "mujer", "material": "badana lustrada", "colors": [1, 2], "sole": "gruppon", "slug": "mocasin-pepa", "heel": "2,5cm"}}, {"pk": 2, "model": "shoes.shoe", "fields": {"cut": "cuero vacuno combinado", "name": "Acordonado Francisca", "tags": "mujer, ", "material": "badana lustrada", "colors": [3], "sole": "gruppon", "slug": "acordonado-francisca", "heel": "2,5cm"}}, {"pk": 3, "model": "shoes.shoe", "fields": {"cut": "cabritilla gamuzada", "name": "Zapatito Cordelia", "tags": "mujer, elegante", "material": "badana lustrada", "colors": [4], "sole": "gruppon", "slug": "zapatito-cordelia", "heel": "5,5 cm"}}, {"pk": 22, "model": "auth.permission", "fields": {"codename": "add_logentry", "name": "Can add log entry", "content_type": 8}}, {"pk": 23, "model": "auth.permission", "fields": {"codename": "change_logentry", "name": "Can change log entry", "content_type": 8}}, {"pk": 24, "model": "auth.permission", "fields": {"codename": "delete_logentry", "name": "Can delete log entry", "content_type": 8}}, {"pk": 77, "model": "auth.permission", "fields": {"codename": "add_article", "name": "Can add article", "content_type": 26}}, {"pk": 78, "model": "auth.permission", "fields": {"codename": "change_article", "name": "Can change article", "content_type": 26}}, {"pk": 79, "model": "auth.permission", "fields": {"codename": "delete_article", "name": "Can delete article", "content_type": 26}}, {"pk": 80, "model": "auth.permission", "fields": {"codename": "add_attachment", "name": "Can add attachment", "content_type": 27}}, {"pk": 81, "model": "auth.permission", "fields": {"codename": "change_attachment", "name": "Can change attachment", "content_type": 27}}, {"pk": 82, "model": "auth.permission", "fields": {"codename": "delete_attachment", "name": "Can delete attachment", "content_type": 27}}, {"pk": 71, "model": "auth.permission", "fields": {"codename": "add_author", "name": "Can add author", "content_type": 24}}, {"pk": 72, "model": "auth.permission", "fields": {"codename": "change_author", "name": "Can change author", "content_type": 24}}, {"pk": 73, "model": "auth.permission", "fields": {"codename": "delete_author", "name": "Can delete author", "content_type": 24}}, {"pk": 74, "model": "auth.permission", "fields": {"codename": "add_source", "name": "Can add source", "content_type": 25}}, {"pk": 75, "model": "auth.permission", "fields": {"codename": "change_source", "name": "Can change source", "content_type": 25}}, {"pk": 76, "model": "auth.permission", "fields": {"codename": "delete_source", "name": "Can delete source", "content_type": 25}}, {"pk": 4, "model": "auth.permission", "fields": {"codename": "add_group", "name": "Can add group", "content_type": 2}}, {"pk": 5, "model": "auth.permission", "fields": {"codename": "change_group", "name": "Can change group", "content_type": 2}}, {"pk": 6, "model": "auth.permission", "fields": {"codename": "delete_group", "name": "Can delete group", "content_type": 2}}, {"pk": 10, "model": "auth.permission", "fields": {"codename": "add_message", "name": "Can add message", "content_type": 4}}, {"pk": 11, "model": "auth.permission", "fields": {"codename": "change_message", "name": "Can change message", "content_type": 4}}, {"pk": 12, "model": "auth.permission", "fields": {"codename": "delete_message", "name": "Can delete message", "content_type": 4}}, {"pk": 1, "model": "auth.permission", "fields": {"codename": "add_permission", "name": "Can add permission", "content_type": 1}}, {"pk": 2, "model": "auth.permission", "fields": {"codename": "change_permission", "name": "Can change permission", "content_type": 1}}, {"pk": 3, "model": "auth.permission", "fields": {"codename": "delete_permission", "name": "Can delete permission", "content_type": 1}}, {"pk": 7, "model": "auth.permission", "fields": {"codename": "add_user", "name": "Can add user", "content_type": 3}}, {"pk": 8, "model": "auth.permission", "fields": {"codename": "change_user", "name": "Can change user", "content_type": 3}}, {"pk": 9, "model": "auth.permission", "fields": {"codename": "delete_user", "name": "Can delete user", "content_type": 3}}, {"pk": 38, "model": "auth.permission", "fields": {"codename": "add_captchastore", "name": "Can add captcha store", "content_type": 13}}, {"pk": 39, "model": "auth.permission", "fields": {"codename": "change_captchastore", "name": "Can change captcha store", "content_type": 13}}, {"pk": 40, "model": "auth.permission", "fields": {"codename": "delete_captchastore", "name": "Can delete captcha store", "content_type": 13}}, {"pk": 65, "model": "auth.permission", "fields": {"codename": "add_category", "name": "Can add category", "content_type": 22}}, {"pk": 66, "model": "auth.permission", "fields": {"codename": "change_category", "name": "Can change category", "content_type": 22}}, {"pk": 67, "model": "auth.permission", "fields": {"codename": "delete_category", "name": "Can delete category", "content_type": 22}}, {"pk": 68, "model": "auth.permission", "fields": {"codename": "add_categorymap", "name": "Can add category map", "content_type": 23}}, {"pk": 69, "model": "auth.permission", "fields": {"codename": "change_categorymap", "name": "Can change category map", "content_type": 23}}, {"pk": 70, "model": "auth.permission", "fields": {"codename": "delete_categorymap", "name": "Can delete category map", "content_type": 23}}, {"pk": 62, "model": "auth.permission", "fields": {"codename": "add_collection", "name": "Can add collection", "content_type": 21}}, {"pk": 63, "model": "auth.permission", "fields": {"codename": "change_collection", "name": "Can change collection", "content_type": 21}}, {"pk": 64, "model": "auth.permission", "fields": {"codename": "delete_collection", "name": "Can delete collection", "content_type": 21}}, {"pk": 25, "model": "auth.permission", "fields": {"codename": "add_comment", "name": "Can add comment", "content_type": 9}}, {"pk": 28, "model": "auth.permission", "fields": {"codename": "can_moderate", "name": "Can moderate comments", "content_type": 9}}, {"pk": 26, "model": "auth.permission", "fields": {"codename": "change_comment", "name": "Can change comment", "content_type": 9}}, {"pk": 27, "model": "auth.permission", "fields": {"codename": "delete_comment", "name": "Can delete comment", "content_type": 9}}, {"pk": 29, "model": "auth.permission", "fields": {"codename": "add_commentflag", "name": "Can add comment flag", "content_type": 10}}, {"pk": 30, "model": "auth.permission", "fields": {"codename": "change_commentflag", "name": "Can change comment flag", "content_type": 10}}, {"pk": 31, "model": "auth.permission", "fields": {"codename": "delete_commentflag", "name": "Can delete comment flag", "content_type": 10}}, {"pk": 13, "model": "auth.permission", "fields": {"codename": "add_contenttype", "name": "Can add content type", "content_type": 5}}, {"pk": 14, "model": "auth.permission", "fields": {"codename": "change_contenttype", "name": "Can change content type", "content_type": 5}}, {"pk": 15, "model": "auth.permission", "fields": {"codename": "delete_contenttype", "name": "Can delete content type", "content_type": 5}}, {"pk": 59, "model": "auth.permission", "fields": {"codename": "add_layout", "name": "Can add layout", "content_type": 20}}, {"pk": 60, "model": "auth.permission", "fields": {"codename": "change_layout", "name": "Can change layout", "content_type": 20}}, {"pk": 61, "model": "auth.permission", "fields": {"codename": "delete_layout", "name": "Can delete layout", "content_type": 20}}, {"pk": 44, "model": "auth.permission", "fields": {"codename": "add_menu", "name": "Can add menu", "content_type": 15}}, {"pk": 45, "model": "auth.permission", "fields": {"codename": "change_menu", "name": "Can change menu", "content_type": 15}}, {"pk": 46, "model": "auth.permission", "fields": {"codename": "delete_menu", "name": "Can delete menu", "content_type": 15}}, {"pk": 47, "model": "auth.permission", "fields": {"codename": "add_menuitem", "name": "Can add menu item", "content_type": 16}}, {"pk": 48, "model": "auth.permission", "fields": {"codename": "change_menuitem", "name": "Can change menu item", "content_type": 16}}, {"pk": 49, "model": "auth.permission", "fields": {"codename": "delete_menuitem", "name": "Can delete menu item", "content_type": 16}}, {"pk": 50, "model": "auth.permission", "fields": {"codename": "add_namedimage", "name": "Can add image", "content_type": 17}}, {"pk": 51, "model": "auth.permission", "fields": {"codename": "change_namedimage", "name": "Can change image", "content_type": 17}}, {"pk": 52, "model": "auth.permission", "fields": {"codename": "delete_namedimage", "name": "Can delete image", "content_type": 17}}, {"pk": 56, "model": "auth.permission", "fields": {"codename": "add_regionview", "name": "Can add region view", "content_type": 19}}, {"pk": 57, "model": "auth.permission", "fields": {"codename": "change_regionview", "name": "Can change region view", "content_type": 19}}, {"pk": 58, "model": "auth.permission", "fields": {"codename": "delete_regionview", "name": "Can delete region view", "content_type": 19}}, {"pk": 41, "model": "auth.permission", "fields": {"codename": "add_sitesettings", "name": "Can add site settings", "content_type": 14}}, {"pk": 42, "model": "auth.permission", "fields": {"codename": "change_sitesettings", "name": "Can change site settings", "content_type": 14}}, {"pk": 43, "model": "auth.permission", "fields": {"codename": "delete_sitesettings", "name": "Can delete site settings", "content_type": 14}}, {"pk": 53, "model": "auth.permission", "fields": {"codename": "add_staticpage", "name": "Can add static page", "content_type": 18}}, {"pk": 54, "model": "auth.permission", "fields": {"codename": "change_staticpage", "name": "Can change static page", "content_type": 18}}, {"pk": 55, "model": "auth.permission", "fields": {"codename": "delete_staticpage", "name": "Can delete static page", "content_type": 18}}, {"pk": 16, "model": "auth.permission", "fields": {"codename": "add_session", "name": "Can add session", "content_type": 6}}, {"pk": 17, "model": "auth.permission", "fields": {"codename": "change_session", "name": "Can change session", "content_type": 6}}, {"pk": 18, "model": "auth.permission", "fields": {"codename": "delete_session", "name": "Can delete session", "content_type": 6}}, {"pk": 83, "model": "auth.permission", "fields": {"codename": "add_color", "name": "Can add color", "content_type": 28}}, {"pk": 84, "model": "auth.permission", "fields": {"codename": "change_color", "name": "Can change color", "content_type": 28}}, {"pk": 85, "model": "auth.permission", "fields": {"codename": "delete_color", "name": "Can delete color", "content_type": 28}}, {"pk": 86, "model": "auth.permission", "fields": {"codename": "add_shoe", "name": "Can add shoe", "content_type": 29}}, {"pk": 87, "model": "auth.permission", "fields": {"codename": "change_shoe", "name": "Can change shoe", "content_type": 29}}, {"pk": 88, "model": "auth.permission", "fields": {"codename": "delete_shoe", "name": "Can delete shoe", "content_type": 29}}, {"pk": 19, "model": "auth.permission", "fields": {"codename": "add_site", "name": "Can add site", "content_type": 7}}, {"pk": 20, "model": "auth.permission", "fields": {"codename": "change_site", "name": "Can change site", "content_type": 7}}, {"pk": 21, "model": "auth.permission", "fields": {"codename": "delete_site", "name": "Can delete site", "content_type": 7}}, {"pk": 32, "model": "auth.permission", "fields": {"codename": "add_tag", "name": "Can add tag", "content_type": 11}}, {"pk": 33, "model": "auth.permission", "fields": {"codename": "change_tag", "name": "Can change tag", "content_type": 11}}, {"pk": 34, "model": "auth.permission", "fields": {"codename": "delete_tag", "name": "Can delete tag", "content_type": 11}}, {"pk": 35, "model": "auth.permission", "fields": {"codename": "add_taggeditem", "name": "Can add tagged item", "content_type": 12}}, {"pk": 36, "model": "auth.permission", "fields": {"codename": "change_taggeditem", "name": "Can change tagged item", "content_type": 12}}, {"pk": 37, "model": "auth.permission", "fields": {"codename": "delete_taggeditem", "name": "Can delete tagged item", "content_type": 12}}, {"pk": 1, "model": "auth.user", "fields": {"username": "admin", "first_name": "", "last_name": "", "is_active": true, "is_superuser": true, "is_staff": true, "last_login": "2010-05-04 15:20:18", "groups": [], "user_permissions": [], "password": "sha1$5c8ad$65715c073a1f2001edddefc19f523e1f5f3f2250", "email": "a@a.com", "date_joined": "2010-05-04 15:20:00"}}]
